ID,Keyword,Category,Subcategory,Intent,TargetRegion,RecommendedURL,Priority
1,"rc robo soccer bot price india","Competition & Combat Robotics","Robo Soccer & Robo Race Platforms","Commercial / Transactional","Pan-India","/products/competition-robots","P1"
2,"buy rc robo soccer kit india","Competition & Combat Robotics","Robo Soccer & Robo Race Platforms","Transactional","Pan-India","/products/competition-robots","P0"
3,"tournament robo soccer platform coimbatore","Competition & Combat Robotics","Robo Soccer & Robo Race Platforms","Local / Commercial","Coimbatore / TN","/products/competition-robots","P1"
4,"robo soccer pneumatic striker kit","Competition & Combat Robotics","Robo Soccer & Robo Race Platforms","Transactional","Pan-India","/products/competition-robots","P1"
5,"buy rc robo race chassis india","Competition & Combat Robotics","Robo Soccer & Robo Race Platforms","Transactional","Pan-India","/products/competition-robots","P0"
6,"competition rc robo race bot tamil nadu","Competition & Combat Robotics","Robo Soccer & Robo Race Platforms","Regional Commercial","Tamil Nadu","/products/competition-robots","P1"
7,"high rpm geared motor robot chassis","Competition & Combat Robotics","Robo Soccer & Robo Race Platforms","Commercial","Pan-India","/products/competition-robots","P2"
8,"drift chassis rc robo race","Competition & Combat Robotics","Robo Soccer & Robo Race Platforms","Commercial","Pan-India","/products/competition-robots","P2"
9,"carbon fiber robo race chassis buy","Competition & Combat Robotics","Robo Soccer & Robo Race Platforms","Transactional","Pan-India","/products/competition-robots","P1"
10,"omni wheel robo soccer kit india","Competition & Combat Robotics","Robo Soccer & Robo Race Platforms","Transactional","Pan-India","/products/competition-robots","P0"
11,"3 omni wheel robo soccer platform","Competition & Combat Robotics","Robo Soccer & Robo Race Platforms","Commercial","Pan-India","/products/competition-robots","P2"
12,"4 omni wheel chassis for robot soccer","Competition & Combat Robotics","Robo Soccer & Robo Race Platforms","Commercial","Pan-India","/products/competition-robots","P2"
13,"custom robot chassis fabrication coimbatore","Competition & Combat Robotics","Robo Soccer & Robo Race Platforms","Local / B2B","Coimbatore","/products/competition-robots","P1"
14,"best rc bot for college tech fests","Competition & Combat Robotics","Robo Soccer & Robo Race Platforms","Commercial / Informational","Pan-India","/products/competition-robots","P1"
15,"techfest robo race bot specifications","Competition & Combat Robotics","Robo Soccer & Robo Race Platforms","Informational","Pan-India","/products/competition-robots","P2"
16,"robo war kit buy online india","Competition & Combat Robotics","Robo Soccer & Robo Race Platforms","Transactional","Pan-India","/products/competition-robots","P0"
17,"featherweight combat bot kit india","Competition & Combat Robotics","Robo Soccer & Robo Race Platforms","Commercial","Pan-India","/products/competition-robots","P1"
18,"beetleweight combat robot parts india","Competition & Combat Robotics","Robo Soccer & Robo Race Platforms","Commercial","Pan-India","/products/competition-robots","P1"
19,"antweight combat robot chassis kit","Competition & Combat Robotics","Robo Soccer & Robo Race Platforms","Transactional","Pan-India","/products/competition-robots","P1"
20,"buy spinner combat bot india","Competition & Combat Robotics","Robo Soccer & Robo Race Platforms","Transactional","Pan-India","/products/competition-robots","P1"
21,"drum spinner combat robot kit","Competition & Combat Robotics","Robo Soccer & Robo Race Platforms","Commercial","Pan-India","/products/competition-robots","P1"
22,"horizontal spinner combat robot chassis","Competition & Combat Robotics","Robo Soccer & Robo Race Platforms","Commercial","Pan-India","/products/competition-robots","P2"
23,"titanium wedge combat robot coimbatore","Competition & Combat Robotics","Robo Soccer & Robo Race Platforms","Local / Commercial","Coimbatore","/products/competition-robots","P2"
24,"hardox steel combat robot parts india","Competition & Combat Robotics","Robo Soccer & Robo Race Platforms","Commercial","Pan-India","/products/competition-robots","P1"
25,"15kg combat bot kit price india","Competition & Combat Robotics","Robo Soccer & Robo Race Platforms","Commercial","Pan-India","/products/competition-robots","P1"
26,"30kg combat bot parts manufacturers india","Competition & Combat Robotics","Robo Soccer & Robo Race Platforms","B2B Commercial","Pan-India","/products/competition-robots","P1"
27,"60kg combat bot engineering design","Competition & Combat Robotics","Robo Soccer & Robo Race Platforms","Technical / Engineering","Pan-India","/products/competition-robots","P2"
28,"robo war weapon motor bldc india","Competition & Combat Robotics","Robo Soccer & Robo Race Platforms","Transactional","Pan-India","/products/competition-robots","P1"
29,"brushless motor esc for combat robot","Competition & Combat Robotics","Robo Soccer & Robo Race Platforms","Transactional","Pan-India","/products/competition-robots","P1"
30,"combat robot speed controller high amp","Competition & Combat Robotics","Robo Soccer & Robo Race Platforms","Commercial","Pan-India","/products/competition-robots","P2"
31,"robo soccer controller board","Competition & Combat Robotics","Robo Soccer & Robo Race Platforms","Commercial","Pan-India","/products/competition-robots","P1"
32,"wireless joystick bot controller 2.4ghz","Competition & Combat Robotics","Robo Soccer & Robo Race Platforms","Transactional","Pan-India","/products/competition-robots","P1"
33,"dual motor driver board 30a competition","Competition & Combat Robotics","Robo Soccer & Robo Race Platforms","Commercial","Pan-India","/products/competition-robots","P1"
34,"robo race high speed caster wheels","Competition & Combat Robotics","Robo Soccer & Robo Race Platforms","Transactional","Pan-India","/products/competition-robots","P2"
35,"metal gear dc motor for robo race 1000rpm","Competition & Combat Robotics","Robo Soccer & Robo Race Platforms","Transactional","Pan-India","/products/competition-robots","P1"
36,"line follower robot kit india","Competition & Combat Robotics","Autonomous Line Followers & Maze Solvers","Transactional","Pan-India","/products/line-follower","P0"
37,"fast pid line follower bot price","Competition & Combat Robotics","Autonomous Line Followers & Maze Solvers","Commercial","Pan-India","/products/line-follower","P1"
38,"line follower with 8 ir sensor array","Competition & Combat Robotics","Autonomous Line Followers & Maze Solvers","Commercial","Pan-India","/products/line-follower","P1"
39,"line follower robot with 16 ir array","Competition & Combat Robotics","Autonomous Line Followers & Maze Solvers","Commercial","Pan-India","/products/line-follower","P1"
40,"analog line sensor bar for line follower","Competition & Combat Robotics","Autonomous Line Followers & Maze Solvers","Commercial","Pan-India","/products/line-follower","P2"
41,"qtr 8a sensor array line follower","Competition & Combat Robotics","Autonomous Line Followers & Maze Solvers","Commercial","Pan-India","/products/line-follower","P1"
42,"ttrc lf line follower platform","Competition & Combat Robotics","Autonomous Line Followers & Maze Solvers","Branded / Product","Pan-India","/products/line-follower","P0"
43,"high speed coreless motor line follower","Competition & Combat Robotics","Autonomous Line Followers & Maze Solvers","Commercial","Pan-India","/products/line-follower","P1"
44,"micromouse maze solving robot kit india","Competition & Combat Robotics","Autonomous Line Followers & Maze Solvers","Commercial","Pan-India","/products/line-follower","P1"
45,"autonomous micromouse platform coimbatore","Competition & Combat Robotics","Autonomous Line Followers & Maze Solvers","Local / Commercial","Coimbatore","/products/line-follower","P2"
46,"pid algorithm line follower bot code esp32","Competition & Combat Robotics","Autonomous Line Followers & Maze Solvers","Informational","Pan-India","/products/line-follower","P2"
47,"stm32 line follower robot kit india","Competition & Combat Robotics","Autonomous Line Followers & Maze Solvers","Commercial","Pan-India","/products/line-follower","P1"
48,"grid solver competition robot platform","Competition & Combat Robotics","Autonomous Line Followers & Maze Solvers","Commercial","Pan-India","/products/line-follower","P2"
49,"white line black surface sensor module","Competition & Combat Robotics","Autonomous Line Followers & Maze Solvers","Commercial","Pan-India","/products/line-follower","P2"
50,"fast line follower magnetic encoder motors","Competition & Combat Robotics","Autonomous Line Followers & Maze Solvers","Commercial","Pan-India","/products/line-follower","P2"
51,"buy ready made line follower bot tamil nadu","Competition & Combat Robotics","Autonomous Line Followers & Maze Solvers","Transactional","Tamil Nadu","/products/line-follower","P1"
52,"line follower kit for school competition","Competition & Combat Robotics","Autonomous Line Followers & Maze Solvers","Commercial / Academic","Pan-India","/products/line-follower","P1"
53,"line follower robot price in coimbatore","Competition & Combat Robotics","Autonomous Line Followers & Maze Solvers","Local / Commercial","Coimbatore","/products/line-follower","P1"
54,"autonomous maze follower kit india","Competition & Combat Robotics","Autonomous Line Followers & Maze Solvers","Commercial","Pan-India","/products/line-follower","P2"
55,"optical sensor array line tracker","Competition & Combat Robotics","Autonomous Line Followers & Maze Solvers","Commercial","Pan-India","/products/line-follower","P2"
56,"competition line follower chassis design","Competition & Combat Robotics","Autonomous Line Followers & Maze Solvers","Informational / Design","Pan-India","/products/line-follower","P2"
57,"lightweight pcb chassis line follower","Competition & Combat Robotics","Autonomous Line Followers & Maze Solvers","Commercial","Pan-India","/products/line-follower","P1"
58,"buy high speed silicone wheels for line follower","Competition & Combat Robotics","Autonomous Line Followers & Maze Solvers","Transactional","Pan-India","/products/line-follower","P2"
59,"12v micro metal gear motor 3000rpm","Competition & Combat Robotics","Autonomous Line Followers & Maze Solvers","Transactional","Pan-India","/products/line-follower","P1"
60,"lipo battery 3s 450mah for line follower","Competition & Combat Robotics","Autonomous Line Followers & Maze Solvers","Transactional","Pan-India","/products/line-follower","P2"
61,"line follower calibrated sensor board","Competition & Combat Robotics","Autonomous Line Followers & Maze Solvers","Commercial","Pan-India","/products/line-follower","P2"
62,"autonomous obstacle avoidance robot kit","Competition & Combat Robotics","Autonomous Line Followers & Maze Solvers","Commercial","Pan-India","/products/line-follower","P1"
63,"wall follower autonomous robot competition","Competition & Combat Robotics","Autonomous Line Followers & Maze Solvers","Commercial","Pan-India","/products/line-follower","P2"
64,"line follower with curve detection sensor","Competition & Combat Robotics","Autonomous Line Followers & Maze Solvers","Commercial","Pan-India","/products/line-follower","P2"
65,"line tracer bot for engineering college fest","Competition & Combat Robotics","Autonomous Line Followers & Maze Solvers","Commercial","Tamil Nadu / India","/products/line-follower","P1"
66,"pid tuning line follower robotics kit","Competition & Combat Robotics","Autonomous Line Followers & Maze Solvers","Commercial / Educational","Pan-India","/products/line-follower","P2"
67,"line follower kit under 2000 in india","Competition & Combat Robotics","Autonomous Line Followers & Maze Solvers","Commercial / Price","Pan-India","/products/line-follower","P1"
68,"custom line follower bot manufacturer","Competition & Combat Robotics","Autonomous Line Followers & Maze Solvers","B2B Commercial","India","/products/line-follower","P1"
69,"line follower competition rules gear ratio","Competition & Combat Robotics","Autonomous Line Followers & Maze Solvers","Informational","Pan-India","/products/line-follower","P3"
70,"line follower kit with oled display stm32","Competition & Combat Robotics","Autonomous Line Followers & Maze Solvers","Commercial","Pan-India","/products/line-follower","P2"
71,"flysky fs i6x price in coimbatore","Competition & Combat Robotics","Radio Transmitters & Competition Hardware","Local Transactional","Coimbatore","/products/radio-controllers","P0"
72,"buy flysky fs i6x 10ch transmitter india","Competition & Combat Robotics","Radio Transmitters & Competition Hardware","Transactional","Pan-India","/products/radio-controllers","P0"
73,"fs ia10b receiver online buy india","Competition & Combat Robotics","Radio Transmitters & Competition Hardware","Transactional","Pan-India","/products/radio-controllers","P1"
74,"2.4ghz rc transmitter receiver for combat bot","Competition & Combat Robotics","Radio Transmitters & Competition Hardware","Commercial","Pan-India","/products/radio-controllers","P1"
75,"flysky transmitter for robo soccer","Competition & Combat Robotics","Radio Transmitters & Competition Hardware","Commercial","Pan-India","/products/radio-controllers","P1"
76,"radiomaster tx12 buy online india","Competition & Combat Robotics","Radio Transmitters & Competition Hardware","Transactional","Pan-India","/products/radio-controllers","P1"
77,"6 channel rc transmitter receiver india","Competition & Combat Robotics","Radio Transmitters & Competition Hardware","Commercial","Pan-India","/products/radio-controllers","P2"
78,"10 channel radio controller for robotics","Competition & Combat Robotics","Radio Transmitters & Competition Hardware","Commercial","Pan-India","/products/radio-controllers","P1"
79,"lipo battery 3s 2200mah 60c india","Competition & Combat Robotics","Radio Transmitters & Competition Hardware","Transactional","Pan-India","/products/radio-controllers","P1"
80,"4s lipo battery for combat robot","Competition & Combat Robotics","Radio Transmitters & Competition Hardware","Commercial","Pan-India","/products/radio-controllers","P2"
81,"xt60 high current connectors coimbatore","Competition & Combat Robotics","Radio Transmitters & Competition Hardware","Local / Hardware","Coimbatore","/products/radio-controllers","P2"
82,"high torque metal gear servo 20kg","Competition & Combat Robotics","Radio Transmitters & Competition Hardware","Commercial","Pan-India","/products/radio-controllers","P1"
83,"35kg waterproof metal gear servo india","Competition & Combat Robotics","Radio Transmitters & Competition Hardware","Commercial","Pan-India","/products/radio-controllers","P1"
84,"pneumatic cylinder 50mm stroke robo soccer","Competition & Combat Robotics","Radio Transmitters & Competition Hardware","Commercial","Pan-India","/products/radio-controllers","P2"
85,"12v solenoid valve for robo soccer kicker","Competition & Combat Robotics","Radio Transmitters & Competition Hardware","Commercial","Pan-India","/products/radio-controllers","P2"
86,"co2 canister regulator for combat robot","Competition & Combat Robotics","Radio Transmitters & Competition Hardware","Commercial","Pan-India","/products/radio-controllers","P2"
87,"planetary metal gear motor 12v 600rpm","Competition & Combat Robotics","Radio Transmitters & Competition Hardware","Commercial","Pan-India","/products/radio-controllers","P1"
88,"rs775 motor dual shaft for robo race","Competition & Combat Robotics","Radio Transmitters & Competition Hardware","Commercial","Pan-India","/products/radio-controllers","P1"
89,"cytron smartdrive duo motor driver india","Competition & Combat Robotics","Radio Transmitters & Competition Hardware","Transactional","Pan-India","/products/radio-controllers","P1"
90,"sabertooth 2x32 motor driver alternative india","Competition & Combat Robotics","Radio Transmitters & Competition Hardware","Commercial","Pan-India","/products/radio-controllers","P1"
91,"bts7960 high power h bridge motor driver","Competition & Combat Robotics","Radio Transmitters & Competition Hardware","Commercial","Pan-India","/products/radio-controllers","P2"
92,"mecanum wheels 100mm set of 4 india","Competition & Combat Robotics","Radio Transmitters & Competition Hardware","Transactional","Pan-India","/products/radio-controllers","P1"
93,"omni wheels 58mm aluminum hub","Competition & Combat Robotics","Radio Transmitters & Competition Hardware","Commercial","Pan-India","/products/radio-controllers","P1"
94,"high grip foam tires for robo race","Competition & Combat Robotics","Radio Transmitters & Competition Hardware","Commercial","Pan-India","/products/radio-controllers","P2"
95,"competition robot kill switch buy india","Competition & Combat Robotics","Radio Transmitters & Competition Hardware","Transactional","Pan-India","/products/radio-controllers","P1"
96,"robot link fail safe switch 100a","Competition & Combat Robotics","Radio Transmitters & Competition Hardware","Commercial","Pan-India","/products/radio-controllers","P2"
97,"rc fail safe unit for combat robotics","Competition & Combat Robotics","Radio Transmitters & Competition Hardware","Commercial","Pan-India","/products/radio-controllers","P2"
98,"robotics competition parts store coimbatore","Competition & Combat Robotics","Radio Transmitters & Competition Hardware","Local Commercial","Coimbatore","/products/competition-robots","P0"
99,"buy robotics hardware parts tamil nadu","Competition & Combat Robotics","Radio Transmitters & Competition Hardware","Regional Commercial","Tamil Nadu","/products/competition-robots","P1"
100,"combat robot safety arena materials","Competition & Combat Robotics","Radio Transmitters & Competition Hardware","B2B / Event","Pan-India","/products/competition-robots","P2"
101,"ss laser cutting services coimbatore","Precision SS Laser Cutting & Metal Fabrication","Stainless Steel & Fiber Laser Cutting Services","High-intent Transactional","Coimbatore / West TN","/services/laser-cutting-coimbatore","P0"
102,"stainless steel laser cutting kurumbapalayam","Precision SS Laser Cutting & Metal Fabrication","Stainless Steel & Fiber Laser Cutting Services","Hyper-local","Coimbatore (Kurumbapalayam)","/services/laser-cutting-coimbatore","P0"
103,"fiber laser cutting machine job work coimbatore","Precision SS Laser Cutting & Metal Fabrication","Stainless Steel & Fiber Laser Cutting Services","B2B Commercial","Coimbatore","/services/laser-cutting-coimbatore","P0"
104,"ss 304 sheet metal laser cutting tamil nadu","Precision SS Laser Cutting & Metal Fabrication","Stainless Steel & Fiber Laser Cutting Services","Commercial","Tamil Nadu","/services/laser-cutting-coimbatore","P0"
105,"ss 316 precision laser cutting coimbatore","Precision SS Laser Cutting & Metal Fabrication","Stainless Steel & Fiber Laser Cutting Services","Commercial","Coimbatore","/services/laser-cutting-coimbatore","P1"
106,"stainless steel bracket laser cutting service","Precision SS Laser Cutting & Metal Fabrication","Stainless Steel & Fiber Laser Cutting Services","Commercial","Tamil Nadu","/services/laser-cutting-coimbatore","P1"
107,"sheet metal laser cutting cost per meter coimbatore","Precision SS Laser Cutting & Metal Fabrication","Stainless Steel & Fiber Laser Cutting Services","Commercial / Pricing","Coimbatore","/services/laser-cutting-coimbatore","P1"
108,"custom robot chassis laser cutting tamil nadu","Precision SS Laser Cutting & Metal Fabrication","Stainless Steel & Fiber Laser Cutting Services","Commercial","Tamil Nadu","/services/laser-cutting-coimbatore","P1"
109,"dxf file laser cutting job work coimbatore","Precision SS Laser Cutting & Metal Fabrication","Stainless Steel & Fiber Laser Cutting Services","Transactional","Coimbatore","/services/laser-cutting-coimbatore","P1"
110,"laser cutting service for engineering students coimbatore","Precision SS Laser Cutting & Metal Fabrication","Stainless Steel & Fiber Laser Cutting Services","Student / Commercial","Coimbatore","/services/laser-cutting-coimbatore","P1"
111,"1mm ss 304 laser cutting near me","Precision SS Laser Cutting & Metal Fabrication","Stainless Steel & Fiber Laser Cutting Services","Local Transactional","Coimbatore","/services/laser-cutting-coimbatore","P1"
112,"2mm stainless steel laser cut sheet price","Precision SS Laser Cutting & Metal Fabrication","Stainless Steel & Fiber Laser Cutting Services","Commercial / Pricing","Tamil Nadu","/services/laser-cutting-coimbatore","P1"
113,"3mm ss 316 laser cutting coimbatore","Precision SS Laser Cutting & Metal Fabrication","Stainless Steel & Fiber Laser Cutting Services","Commercial","Coimbatore","/services/laser-cutting-coimbatore","P1"
114,"5mm ss plate fiber laser cutting service","Precision SS Laser Cutting & Metal Fabrication","Stainless Steel & Fiber Laser Cutting Services","Commercial","Tamil Nadu","/services/laser-cutting-coimbatore","P2"
115,"stainless steel base plate cutting coimbatore","Precision SS Laser Cutting & Metal Fabrication","Stainless Steel & Fiber Laser Cutting Services","Commercial","Coimbatore","/services/laser-cutting-coimbatore","P1"
116,"burr free metal laser cutting tamil nadu","Precision SS Laser Cutting & Metal Fabrication","Stainless Steel & Fiber Laser Cutting Services","Quality / Commercial","Tamil Nadu","/services/laser-cutting-coimbatore","P1"
117,"high precision metal laser cutting shop coimbatore","Precision SS Laser Cutting & Metal Fabrication","Stainless Steel & Fiber Laser Cutting Services","Local Commercial","Coimbatore","/services/laser-cutting-coimbatore","P1"
118,"cad dwg laser cutting service coimbatore","Precision SS Laser Cutting & Metal Fabrication","Stainless Steel & Fiber Laser Cutting Services","Technical","Coimbatore","/services/laser-cutting-coimbatore","P1"
119,"stainless steel motor mounts laser cutting","Precision SS Laser Cutting & Metal Fabrication","Stainless Steel & Fiber Laser Cutting Services","Commercial","Tamil Nadu","/services/laser-cutting-coimbatore","P2"
120,"combat robot armor plate cutting hardox","Precision SS Laser Cutting & Metal Fabrication","Stainless Steel & Fiber Laser Cutting Services","Specialized","India","/services/laser-cutting-coimbatore","P1"
121,"laser cutting job works ganapathy coimbatore","Precision SS Laser Cutting & Metal Fabrication","Stainless Steel & Fiber Laser Cutting Services","Hyper-local","Coimbatore (Ganapathy)","/services/laser-cutting-coimbatore","P1"
122,"sheet metal fabrication saravanampatti coimbatore","Precision SS Laser Cutting & Metal Fabrication","Stainless Steel & Fiber Laser Cutting Services","Hyper-local","Coimbatore (Saravanampatti)","/services/laser-cutting-coimbatore","P1"
123,"stainless steel laser cutting peelamedu","Precision SS Laser Cutting & Metal Fabrication","Stainless Steel & Fiber Laser Cutting Services","Hyper-local","Coimbatore (Peelamedu)","/services/laser-cutting-coimbatore","P1"
124,"industrial enclosure laser cutting coimbatore","Precision SS Laser Cutting & Metal Fabrication","Stainless Steel & Fiber Laser Cutting Services","B2B Commercial","Coimbatore","/services/laser-cutting-coimbatore","P1"
125,"stainless steel perforated sheet cutting","Precision SS Laser Cutting & Metal Fabrication","Stainless Steel & Fiber Laser Cutting Services","Commercial","Tamil Nadu","/services/laser-cutting-coimbatore","P2"
126,"custom flanges laser cutting coimbatore","Precision SS Laser Cutting & Metal Fabrication","Stainless Steel & Fiber Laser Cutting Services","Commercial","Coimbatore","/services/laser-cutting-coimbatore","P2"
127,"sheet metal bending and laser cutting coimbatore","Precision SS Laser Cutting & Metal Fabrication","Stainless Steel & Fiber Laser Cutting Services","Commercial","Coimbatore","/services/laser-cutting-coimbatore","P1"
128,"precision stainless steel profile cutting","Precision SS Laser Cutting & Metal Fabrication","Stainless Steel & Fiber Laser Cutting Services","Commercial","Tamil Nadu","/services/laser-cutting-coimbatore","P2"
129,"fast turnaround laser cutting shop coimbatore","Precision SS Laser Cutting & Metal Fabrication","Stainless Steel & Fiber Laser Cutting Services","Local Commercial","Coimbatore","/services/laser-cutting-coimbatore","P1"
130,"prototype metal cutting service tamil nadu","Precision SS Laser Cutting & Metal Fabrication","Stainless Steel & Fiber Laser Cutting Services","Commercial","Tamil Nadu","/services/laser-cutting-coimbatore","P1"
131,"ss laser cutting for automotive brackets","Precision SS Laser Cutting & Metal Fabrication","Stainless Steel & Fiber Laser Cutting Services","B2B Commercial","Coimbatore / TN","/services/laser-cutting-coimbatore","P1"
132,"electrical panel sheet metal laser cutting","Precision SS Laser Cutting & Metal Fabrication","Stainless Steel & Fiber Laser Cutting Services","B2B Commercial","Tamil Nadu","/services/laser-cutting-coimbatore","P1"
133,"stainless steel machine parts cutting coimbatore","Precision SS Laser Cutting & Metal Fabrication","Stainless Steel & Fiber Laser Cutting Services","B2B Commercial","Coimbatore","/services/laser-cutting-coimbatore","P1"
134,"fiber laser cutting charges per minute coimbatore","Precision SS Laser Cutting & Metal Fabrication","Stainless Steel & Fiber Laser Cutting Services","Commercial / Pricing","Coimbatore","/services/laser-cutting-coimbatore","P1"
135,"laser cutting without min order quantity coimbatore","Precision SS Laser Cutting & Metal Fabrication","Stainless Steel & Fiber Laser Cutting Services","Commercial / Makers","Coimbatore","/services/laser-cutting-coimbatore","P1"
136,"instant quotation laser cutting tamil nadu","Precision SS Laser Cutting & Metal Fabrication","Stainless Steel & Fiber Laser Cutting Services","Commercial","Tamil Nadu","/services/laser-cutting-coimbatore","P1"
137,"small batch sheet metal cutting coimbatore","Precision SS Laser Cutting & Metal Fabrication","Stainless Steel & Fiber Laser Cutting Services","Commercial / Prototypes","Coimbatore","/services/laser-cutting-coimbatore","P1"
138,"custom robotics laser cut parts manufacturer","Precision SS Laser Cutting & Metal Fabrication","Stainless Steel & Fiber Laser Cutting Services","Specialized B2B","India","/services/laser-cutting-coimbatore","P1"
139,"stainless steel decorative panels laser cut","Precision SS Laser Cutting & Metal Fabrication","Stainless Steel & Fiber Laser Cutting Services","Commercial","Tamil Nadu","/services/laser-cutting-coimbatore","P2"
140,"industrial ss 304 laser cutting supplier","Precision SS Laser Cutting & Metal Fabrication","Stainless Steel & Fiber Laser Cutting Services","B2B Commercial","Coimbatore / TN","/services/laser-cutting-coimbatore","P1"
141,"cnc sheet metal bending coimbatore","Precision SS Laser Cutting & Metal Fabrication","CNC, Bending & Sheet Metal Fabrication","Commercial","Coimbatore","/services/laser-cutting-coimbatore","P1"
142,"stainless steel bending job work coimbatore","Precision SS Laser Cutting & Metal Fabrication","CNC, Bending & Sheet Metal Fabrication","B2B Commercial","Coimbatore","/services/laser-cutting-coimbatore","P1"
143,"precision cnc press brake service tamil nadu","Precision SS Laser Cutting & Metal Fabrication","CNC, Bending & Sheet Metal Fabrication","B2B Commercial","Tamil Nadu","/services/laser-cutting-coimbatore","P2"
144,"robot frame fabrication coimbatore","Precision SS Laser Cutting & Metal Fabrication","CNC, Bending & Sheet Metal Fabrication","Commercial","Coimbatore","/services/laser-cutting-coimbatore","P1"
145,"aluminum sheet laser cutting coimbatore","Precision SS Laser Cutting & Metal Fabrication","CNC, Bending & Sheet Metal Fabrication","Commercial","Coimbatore","/services/laser-cutting-coimbatore","P1"
146,"mild steel vs stainless steel laser cutting price","Precision SS Laser Cutting & Metal Fabrication","CNC, Bending & Sheet Metal Fabrication","Informational / Commercial","India","/services/laser-cutting-coimbatore","P2"
147,"custom metal enclosure fabrication coimbatore","Precision SS Laser Cutting & Metal Fabrication","CNC, Bending & Sheet Metal Fabrication","Commercial","Coimbatore","/services/laser-cutting-coimbatore","P1"
148,"sheet metal cabinet manufacturing tamil nadu","Precision SS Laser Cutting & Metal Fabrication","CNC, Bending & Sheet Metal Fabrication","B2B Commercial","Tamil Nadu","/services/laser-cutting-coimbatore","P2"
149,"laser cut motor mounting brackets coimbatore","Precision SS Laser Cutting & Metal Fabrication","CNC, Bending & Sheet Metal Fabrication","Commercial","Coimbatore","/services/laser-cutting-coimbatore","P1"
150,"tig welding stainless steel robot chassis","Precision SS Laser Cutting & Metal Fabrication","CNC, Bending & Sheet Metal Fabrication","Specialized","Coimbatore","/services/laser-cutting-coimbatore","P2"
151,"precision sheet metal tapping coimbatore","Precision SS Laser Cutting & Metal Fabrication","CNC, Bending & Sheet Metal Fabrication","Commercial","Coimbatore","/services/laser-cutting-coimbatore","P2"
152,"countersunk holes sheet metal fabrication","Precision SS Laser Cutting & Metal Fabrication","CNC, Bending & Sheet Metal Fabrication","Technical","Tamil Nadu","/services/laser-cutting-coimbatore","P2"
153,"sheet metal nesting optimization service","Precision SS Laser Cutting & Metal Fabrication","CNC, Bending & Sheet Metal Fabrication","Technical / Cost","India","/services/laser-cutting-coimbatore","P2"
154,"minimum metal scrap laser cutting coimbatore","Precision SS Laser Cutting & Metal Fabrication","CNC, Bending & Sheet Metal Fabrication","Commercial","Coimbatore","/services/laser-cutting-coimbatore","P2"
155,"industrial grade stainless steel fabrication","Precision SS Laser Cutting & Metal Fabrication","CNC, Bending & Sheet Metal Fabrication","B2B Commercial","Tamil Nadu","/services/laser-cutting-coimbatore","P1"
156,"automated sheet metal laser cutting factory","Precision SS Laser Cutting & Metal Fabrication","CNC, Bending & Sheet Metal Fabrication","B2B Authority","Coimbatore","/services/laser-cutting-coimbatore","P2"
157,"ss 304 food grade sheet laser cutting","Precision SS Laser Cutting & Metal Fabrication","CNC, Bending & Sheet Metal Fabrication","Industry Specific","Tamil Nadu","/services/laser-cutting-coimbatore","P2"
158,"textile machinery ss laser cut parts coimbatore","Precision SS Laser Cutting & Metal Fabrication","CNC, Bending & Sheet Metal Fabrication","B2B Industry","Coimbatore","/services/laser-cutting-coimbatore","P1"
159,"pump parts stainless steel laser cutting","Precision SS Laser Cutting & Metal Fabrication","CNC, Bending & Sheet Metal Fabrication","B2B Industry","Coimbatore","/services/laser-cutting-coimbatore","P1"
160,"agriculture equipment sheet metal cutting coimbatore","Precision SS Laser Cutting & Metal Fabrication","CNC, Bending & Sheet Metal Fabrication","B2B Industry","Coimbatore","/services/laser-cutting-coimbatore","P2"
161,"defense prototype laser cutting tamil nadu","Precision SS Laser Cutting & Metal Fabrication","CNC, Bending & Sheet Metal Fabrication","Institutional","Tamil Nadu","/services/laser-cutting-coimbatore","P2"
162,"drone frame metal cutting coimbatore","Precision SS Laser Cutting & Metal Fabrication","CNC, Bending & Sheet Metal Fabrication","Commercial","Coimbatore","/services/laser-cutting-coimbatore","P2"
163,"ss battery box laser cutting electric vehicle","Precision SS Laser Cutting & Metal Fabrication","CNC, Bending & Sheet Metal Fabrication","EV Industry","Tamil Nadu","/services/laser-cutting-coimbatore","P2"
164,"custom control console metal cutting","Precision SS Laser Cutting & Metal Fabrication","CNC, Bending & Sheet Metal Fabrication","Commercial","Coimbatore","/services/laser-cutting-coimbatore","P2"
165,"stainless steel washer laser cut custom size","Precision SS Laser Cutting & Metal Fabrication","CNC, Bending & Sheet Metal Fabrication","Hardware","Tamil Nadu","/services/laser-cutting-coimbatore","P3"
166,"stainless steel gear laser cut profile","Precision SS Laser Cutting & Metal Fabrication","CNC, Bending & Sheet Metal Fabrication","Hardware","Coimbatore","/services/laser-cutting-coimbatore","P3"
167,"metal laser cutting workshop near kurumbapalayam","Precision SS Laser Cutting & Metal Fabrication","CNC, Bending & Sheet Metal Fabrication","Hyper-local","Coimbatore (Kurumbapalayam)","/services/laser-cutting-coimbatore","P0"
168,"sheet metal cutting in sidco coimbatore","Precision SS Laser Cutting & Metal Fabrication","CNC, Bending & Sheet Metal Fabrication","Hyper-local","Coimbatore (SIDCO)","/services/laser-cutting-coimbatore","P1"
169,"low cost ss laser cutting service coimbatore","Precision SS Laser Cutting & Metal Fabrication","CNC, Bending & Sheet Metal Fabrication","Commercial / Value","Coimbatore","/services/laser-cutting-coimbatore","P1"
170,"same day laser cutting service coimbatore","Precision SS Laser Cutting & Metal Fabrication","CNC, Bending & Sheet Metal Fabrication","High-intent Commercial","Coimbatore","/services/laser-cutting-coimbatore","P1"
171,"heavy gauge ss fiber laser cutting","Precision SS Laser Cutting & Metal Fabrication","CNC, Bending & Sheet Metal Fabrication","Industrial","Tamil Nadu","/services/laser-cutting-coimbatore","P2"
172,"clean edge nitrogen laser cutting ss 304","Precision SS Laser Cutting & Metal Fabrication","CNC, Bending & Sheet Metal Fabrication","High Technical","Coimbatore","/services/laser-cutting-coimbatore","P1"
173,"ss 316 marine grade laser cutting tamil nadu","Precision SS Laser Cutting & Metal Fabrication","CNC, Bending & Sheet Metal Fabrication","Specialized","Tamil Nadu","/services/laser-cutting-coimbatore","P2"
174,"stainless steel shim laser cutting","Precision SS Laser Cutting & Metal Fabrication","CNC, Bending & Sheet Metal Fabrication","Precision","Coimbatore","/services/laser-cutting-coimbatore","P3"
175,"custom mechanical hardware cutting coimbatore","Precision SS Laser Cutting & Metal Fabrication","CNC, Bending & Sheet Metal Fabrication","Commercial","Coimbatore","/services/laser-cutting-coimbatore","P1"
176,"custom 3d printing service coimbatore","3D Printing & Rapid Prototyping","FDM & SLA 3D Printing Services","Local Transactional","Coimbatore","/services/3d-printing-coimbatore","P0"
177,"rapid prototyping services tamil nadu","3D Printing & Rapid Prototyping","FDM & SLA 3D Printing Services","Commercial","Tamil Nadu","/services/3d-printing-coimbatore","P0"
178,"industrial 3d printing company coimbatore","3D Printing & Rapid Prototyping","FDM & SLA 3D Printing Services","B2B Commercial","Coimbatore","/services/3d-printing-coimbatore","P1"
179,"fdm 3d printing price per gram coimbatore","3D Printing & Rapid Prototyping","FDM & SLA 3D Printing Services","Commercial / Pricing","Coimbatore","/services/3d-printing-coimbatore","P1"
180,"sla resin 3d printing service coimbatore","3D Printing & Rapid Prototyping","FDM & SLA 3D Printing Services","Commercial","Coimbatore","/services/3d-printing-coimbatore","P1"
181,"online 3d printing order coimbatore","3D Printing & Rapid Prototyping","FDM & SLA 3D Printing Services","Transactional","Coimbatore","/services/3d-printing-coimbatore","P1"
182,"pla 3d printing service coimbatore","3D Printing & Rapid Prototyping","FDM & SLA 3D Printing Services","Commercial","Coimbatore","/services/3d-printing-coimbatore","P1"
183,"abs 3d printing service tamil nadu","3D Printing & Rapid Prototyping","FDM & SLA 3D Printing Services","Commercial","Tamil Nadu","/services/3d-printing-coimbatore","P1"
184,"petg functional parts 3d printing","3D Printing & Rapid Prototyping","FDM & SLA 3D Printing Services","Commercial","India","/services/3d-printing-coimbatore","P1"
185,"tpu flexible 3d printing coimbatore","3D Printing & Rapid Prototyping","FDM & SLA 3D Printing Services","Commercial","Coimbatore","/services/3d-printing-coimbatore","P1"
186,"carbon fiber nylon 3d printing india","3D Printing & Rapid Prototyping","FDM & SLA 3D Printing Services","Advanced Materials","India","/services/3d-printing-coimbatore","P1"
187,"3d printed robot chassis parts","3D Printing & Rapid Prototyping","FDM & SLA 3D Printing Services","Commercial","India","/services/3d-printing-coimbatore","P1"
188,"custom drone parts 3d printing coimbatore","3D Printing & Rapid Prototyping","FDM & SLA 3D Printing Services","Commercial","Coimbatore","/services/3d-printing-coimbatore","P1"
189,"cad modeling and 3d printing coimbatore","3D Printing & Rapid Prototyping","FDM & SLA 3D Printing Services","Turnkey Service","Coimbatore","/services/3d-printing-coimbatore","P1"
190,"rapid prototype manufacturing tamil nadu","3D Printing & Rapid Prototyping","FDM & SLA 3D Printing Services","Commercial","Tamil Nadu","/services/3d-printing-coimbatore","P1"
191,"batch production 3d printing service","3D Printing & Rapid Prototyping","FDM & SLA 3D Printing Services","B2B Commercial","Tamil Nadu","/services/3d-printing-coimbatore","P1"
192,"functional prototype 3d printing coimbatore","3D Printing & Rapid Prototyping","FDM & SLA 3D Printing Services","Commercial","Coimbatore","/services/3d-printing-coimbatore","P1"
193,"3d printing for engineering college projects","3D Printing & Rapid Prototyping","FDM & SLA 3D Printing Services","Student / Commercial","Coimbatore / TN","/services/3d-printing-coimbatore","P1"
194,"low cost 3d printing service in coimbatore","3D Printing & Rapid Prototyping","FDM & SLA 3D Printing Services","Commercial / Value","Coimbatore","/services/3d-printing-coimbatore","P1"
195,"high precision sla 3d printing tamil nadu","3D Printing & Rapid Prototyping","FDM & SLA 3D Printing Services","Commercial","Tamil Nadu","/services/3d-printing-coimbatore","P1"
196,"custom electronics enclosure 3d print","3D Printing & Rapid Prototyping","FDM & SLA 3D Printing Services","Commercial","India","/services/3d-printing-coimbatore","P1"
197,"3d printed gear manufacturing coimbatore","3D Printing & Rapid Prototyping","FDM & SLA 3D Printing Services","Mechanical","Coimbatore","/services/3d-printing-coimbatore","P2"
198,"medical device prototype 3d printing","3D Printing & Rapid Prototyping","FDM & SLA 3D Printing Services","Specialized B2B","India","/services/3d-printing-coimbatore","P2"
199,"automotive component 3d printing coimbatore","3D Printing & Rapid Prototyping","FDM & SLA 3D Printing Services","B2B Industry","Coimbatore","/services/3d-printing-coimbatore","P2"
200,"clear transparent resin 3d printing india","3D Printing & Rapid Prototyping","FDM & SLA 3D Printing Services","Specialized","India","/services/3d-printing-coimbatore","P2"
201,"high infill abs parts 3d printing","3D Printing & Rapid Prototyping","FDM & SLA 3D Printing Services","Technical","India","/services/3d-printing-coimbatore","P2"
202,"3d printing service near saravanampatti","3D Printing & Rapid Prototyping","FDM & SLA 3D Printing Services","Hyper-local","Coimbatore (Saravanampatti)","/services/3d-printing-coimbatore","P0"
203,"fast 3d printing delivery coimbatore","3D Printing & Rapid Prototyping","FDM & SLA 3D Printing Services","Transactional","Coimbatore","/services/3d-printing-coimbatore","P1"
204,"industrial 3d printing bureau tamil nadu","3D Printing & Rapid Prototyping","FDM & SLA 3D Printing Services","B2B Commercial","Tamil Nadu","/services/3d-printing-coimbatore","P1"
205,"stl file 3d printing job work coimbatore","3D Printing & Rapid Prototyping","FDM & SLA 3D Printing Services","Transactional","Coimbatore","/services/3d-printing-coimbatore","P1"
206,"3d cad design services coimbatore","3D Printing & Rapid Prototyping","Mechanical Design, Reverse Engineering & Prototyping","Engineering Service","Coimbatore","/services/3d-printing-coimbatore","P1"
207,"3d scanning and reverse engineering coimbatore","3D Printing & Rapid Prototyping","Mechanical Design, Reverse Engineering & Prototyping","High Technical","Coimbatore","/services/3d-printing-coimbatore","P1"
208,"solidworks 3d modeling service tamil nadu","3D Printing & Rapid Prototyping","Mechanical Design, Reverse Engineering & Prototyping","Engineering Service","Tamil Nadu","/services/3d-printing-coimbatore","P1"
209,"product prototyping consultancy coimbatore","3D Printing & Rapid Prototyping","Mechanical Design, Reverse Engineering & Prototyping","B2B Consultancy","Coimbatore","/services/3d-printing-coimbatore","P1"
210,"mechanical hardware prototyping services","3D Printing & Rapid Prototyping","Mechanical Design, Reverse Engineering & Prototyping","Commercial","Tamil Nadu","/services/3d-printing-coimbatore","P1"
211,"step file 3d printing quotation online","3D Printing & Rapid Prototyping","Mechanical Design, Reverse Engineering & Prototyping","Transactional","India","/services/3d-printing-coimbatore","P1"
212,"rapid tooling and prototyping tamil nadu","3D Printing & Rapid Prototyping","Mechanical Design, Reverse Engineering & Prototyping","B2B Commercial","Tamil Nadu","/services/3d-printing-coimbatore","P2"
213,"hardware startup prototype lab coimbatore","3D Printing & Rapid Prototyping","Mechanical Design, Reverse Engineering & Prototyping","Startup / Innovation","Coimbatore","/services/3d-printing-coimbatore","P1"
214,"proof of concept prototype making coimbatore","3D Printing & Rapid Prototyping","Mechanical Design, Reverse Engineering & Prototyping","Commercial","Coimbatore","/services/3d-printing-coimbatore","P1"
215,"functional testing prototype service","3D Printing & Rapid Prototyping","Mechanical Design, Reverse Engineering & Prototyping","Engineering","Tamil Nadu","/services/3d-printing-coimbatore","P2"
216,"3d printed robotic arm gripper","3D Printing & Rapid Prototyping","Mechanical Design, Reverse Engineering & Prototyping","Robotics Hardware","India","/services/3d-printing-coimbatore","P1"
217,"omni wheel hub 3d print design","3D Printing & Rapid Prototyping","Mechanical Design, Reverse Engineering & Prototyping","Robotics Hardware","India","/services/3d-printing-coimbatore","P2"
218,"custom sensor mounting brackets 3d print","3D Printing & Rapid Prototyping","Mechanical Design, Reverse Engineering & Prototyping","Commercial","India","/services/3d-printing-coimbatore","P2"
219,"heat resistant 3d printed parts india","3D Printing & Rapid Prototyping","Mechanical Design, Reverse Engineering & Prototyping","Technical","India","/services/3d-printing-coimbatore","P2"
220,"snap fit enclosure 3d printing service","3D Printing & Rapid Prototyping","Mechanical Design, Reverse Engineering & Prototyping","Commercial","Tamil Nadu","/services/3d-printing-coimbatore","P2"
221,"large format 3d printing service coimbatore","3D Printing & Rapid Prototyping","Mechanical Design, Reverse Engineering & Prototyping","Commercial","Coimbatore","/services/3d-printing-coimbatore","P2"
222,"multijet fusion 3d printing alternative india","3D Printing & Rapid Prototyping","Mechanical Design, Reverse Engineering & Prototyping","Advanced Commercial","India","/services/3d-printing-coimbatore","P2"
223,"additive manufacturing services coimbatore","3D Printing & Rapid Prototyping","Mechanical Design, Reverse Engineering & Prototyping","Industrial B2B","Coimbatore","/services/3d-printing-coimbatore","P1"
224,"custom robotic end effector 3d printing","3D Printing & Rapid Prototyping","Mechanical Design, Reverse Engineering & Prototyping","Robotics Industry","India","/services/3d-printing-coimbatore","P2"
225,"hardware product design firm coimbatore","3D Printing & Rapid Prototyping","Mechanical Design, Reverse Engineering & Prototyping","B2B Brand","Coimbatore","/services/3d-printing-coimbatore","P1"
226,"pcb design and assembly coimbatore","PCB Design, Fabrication & SMT Assembly","Turnkey PCB Design & Schematic Layout","Transactional","Tamil Nadu / India","/services/pcb-assembly-tamilnadu","P0"
227,"pcb fabrication services tamil nadu","PCB Design, Fabrication & SMT Assembly","Turnkey PCB Design & Schematic Layout","Commercial","Tamil Nadu","/services/pcb-assembly-tamilnadu","P0"
228,"turnkey pcba manufacturers coimbatore","PCB Design, Fabrication & SMT Assembly","Turnkey PCB Design & Schematic Layout","B2B Commercial","Coimbatore","/services/pcb-assembly-tamilnadu","P1"
229,"custom pcb layout design services","PCB Design, Fabrication & SMT Assembly","Turnkey PCB Design & Schematic Layout","Engineering Service","India","/services/pcb-assembly-tamilnadu","P1"
230,"2 layer pcb prototype fabrication coimbatore","PCB Design, Fabrication & SMT Assembly","Turnkey PCB Design & Schematic Layout","Commercial","Coimbatore","/services/pcb-assembly-tamilnadu","P1"
231,"4 layer fr4 pcb manufacturing india","PCB Design, Fabrication & SMT Assembly","Turnkey PCB Design & Schematic Layout","Commercial","India","/services/pcb-assembly-tamilnadu","P1"
232,"multilayer pcb layout designer tamil nadu","PCB Design, Fabrication & SMT Assembly","Turnkey PCB Design & Schematic Layout","Commercial","Tamil Nadu","/services/pcb-assembly-tamilnadu","P1"
233,"ipc compliant pcb layout services","PCB Design, Fabrication & SMT Assembly","Turnkey PCB Design & Schematic Layout","Professional / Standard","India","/services/pcb-assembly-tamilnadu","P1"
234,"high speed digital pcb design coimbatore","PCB Design, Fabrication & SMT Assembly","Turnkey PCB Design & Schematic Layout","Technical","Coimbatore","/services/pcb-assembly-tamilnadu","P2"
235,"power electronics pcb design service","PCB Design, Fabrication & SMT Assembly","Turnkey PCB Design & Schematic Layout","B2B Engineering","India","/services/pcb-assembly-tamilnadu","P1"
236,"embedded pcb design company coimbatore","PCB Design, Fabrication & SMT Assembly","Turnkey PCB Design & Schematic Layout","Local / B2B","Coimbatore","/services/pcb-assembly-tamilnadu","P1"
237,"altium designer pcb layout freelancer coimbatore","PCB Design, Fabrication & SMT Assembly","Turnkey PCB Design & Schematic Layout","Commercial","Coimbatore","/services/pcb-assembly-tamilnadu","P2"
238,"kicad pcb layout engineer coimbatore","PCB Design, Fabrication & SMT Assembly","Turnkey PCB Design & Schematic Layout","Commercial","Coimbatore","/services/pcb-assembly-tamilnadu","P2"
239,"gerber file checking and pcb fabrication","PCB Design, Fabrication & SMT Assembly","Turnkey PCB Design & Schematic Layout","Technical / Order","India","/services/pcb-assembly-tamilnadu","P1"
240,"fast pcb prototype manufacturing tamil nadu","PCB Design, Fabrication & SMT Assembly","Turnkey PCB Design & Schematic Layout","Commercial","Tamil Nadu","/services/pcb-assembly-tamilnadu","P1"
241,"impedance controlled pcb fabrication india","PCB Design, Fabrication & SMT Assembly","Turnkey PCB Design & Schematic Layout","High Technical","India","/services/pcb-assembly-tamilnadu","P2"
242,"aluminum core pcb fabrication coimbatore","PCB Design, Fabrication & SMT Assembly","Turnkey PCB Design & Schematic Layout","LED / Power","Coimbatore","/services/pcb-assembly-tamilnadu","P2"
243,"flexible pcb manufacturing service india","PCB Design, Fabrication & SMT Assembly","Turnkey PCB Design & Schematic Layout","Advanced","India","/services/pcb-assembly-tamilnadu","P2"
244,"rigid flex pcb design tamil nadu","PCB Design, Fabrication & SMT Assembly","Turnkey PCB Design & Schematic Layout","Advanced","Tamil Nadu","/services/pcb-assembly-tamilnadu","P2"
245,"custom motor controller pcb design","PCB Design, Fabrication & SMT Assembly","Turnkey PCB Design & Schematic Layout","Robotics / EV","India","/services/pcb-assembly-tamilnadu","P1"
246,"iot sensor node pcb fabrication coimbatore","PCB Design, Fabrication & SMT Assembly","Turnkey PCB Design & Schematic Layout","IoT / Commercial","Coimbatore","/services/pcb-assembly-tamilnadu","P1"
247,"smd stencils laser cut coimbatore","PCB Design, Fabrication & SMT Assembly","Turnkey PCB Design & Schematic Layout","Hardware","Coimbatore","/services/pcb-assembly-tamilnadu","P1"
248,"stainless steel pcb stencil cutting tamil nadu","PCB Design, Fabrication & SMT Assembly","Turnkey PCB Design & Schematic Layout","Hardware","Tamil Nadu","/services/pcb-assembly-tamilnadu","P2"
249,"rohs compliant pcb fabrication india","PCB Design, Fabrication & SMT Assembly","Turnkey PCB Design & Schematic Layout","Compliance","India","/services/pcb-assembly-tamilnadu","P2"
250,"low cost pcb prototyping coimbatore","PCB Design, Fabrication & SMT Assembly","Turnkey PCB Design & Schematic Layout","Commercial / Value","Coimbatore","/services/pcb-assembly-tamilnadu","P1"
251,"smt assembly services coimbatore","PCB Design, Fabrication & SMT Assembly","Component Sourcing & PCBA Assembly","Commercial","Coimbatore","/services/pcb-assembly-tamilnadu","P0"
252,"surface mount component soldering service","PCB Design, Fabrication & SMT Assembly","Component Sourcing & PCBA Assembly","Commercial","Tamil Nadu","/services/pcb-assembly-tamilnadu","P1"
253,"tht through hole pcb assembly coimbatore","PCB Design, Fabrication & SMT Assembly","Component Sourcing & PCBA Assembly","Commercial","Coimbatore","/services/pcb-assembly-tamilnadu","P1"
254,"low volume pcb assembly service tamil nadu","PCB Design, Fabrication & SMT Assembly","Component Sourcing & PCBA Assembly","Commercial","Tamil Nadu","/services/pcb-assembly-tamilnadu","P1"
255,"bga assembly and rework station coimbatore","PCB Design, Fabrication & SMT Assembly","Component Sourcing & PCBA Assembly","High Technical","Coimbatore","/services/pcb-assembly-tamilnadu","P2"
256,"electronic component sourcing services india","PCB Design, Fabrication & SMT Assembly","Component Sourcing & PCBA Assembly","Supply Chain","India","/services/pcb-assembly-tamilnadu","P1"
257,"active and passive electronic components coimbatore","PCB Design, Fabrication & SMT Assembly","Component Sourcing & PCBA Assembly","Hardware","Coimbatore","/services/pcb-assembly-tamilnadu","P2"
258,"microcontroller board soldering and assembly","PCB Design, Fabrication & SMT Assembly","Component Sourcing & PCBA Assembly","Commercial","Tamil Nadu","/services/pcb-assembly-tamilnadu","P1"
259,"custom robot motherboard assembly","PCB Design, Fabrication & SMT Assembly","Component Sourcing & PCBA Assembly","Specialized","India","/services/pcb-assembly-tamilnadu","P1"
260,"esp32 development board custom assembly","PCB Design, Fabrication & SMT Assembly","Component Sourcing & PCBA Assembly","Commercial","India","/services/pcb-assembly-tamilnadu","P1"
261,"stm32 custom pcb assembly service","PCB Design, Fabrication & SMT Assembly","Component Sourcing & PCBA Assembly","Commercial","India","/services/pcb-assembly-tamilnadu","P1"
262,"electronic contract manufacturing coimbatore","PCB Design, Fabrication & SMT Assembly","Component Sourcing & PCBA Assembly","B2B Enterprise","Coimbatore","/services/pcb-assembly-tamilnadu","P1"
263,"turnkey electronic manufacturing services tamil nadu","PCB Design, Fabrication & SMT Assembly","Component Sourcing & PCBA Assembly","B2B Commercial","Tamil Nadu","/services/pcb-assembly-tamilnadu","P1"
264,"pcb functional testing bench coimbatore","PCB Design, Fabrication & SMT Assembly","Component Sourcing & PCBA Assembly","Quality Assurance","Coimbatore","/services/pcb-assembly-tamilnadu","P2"
265,"automatic pick and place smt service","PCB Design, Fabrication & SMT Assembly","Component Sourcing & PCBA Assembly","Commercial","Tamil Nadu","/services/pcb-assembly-tamilnadu","P1"
266,"reflow soldering job work coimbatore","PCB Design, Fabrication & SMT Assembly","Component Sourcing & PCBA Assembly","Commercial","Coimbatore","/services/pcb-assembly-tamilnadu","P2"
267,"conformal coating for pcb assembly","PCB Design, Fabrication & SMT Assembly","Component Sourcing & PCBA Assembly","Industrial Quality","Tamil Nadu","/services/pcb-assembly-tamilnadu","P2"
268,"electronics hardware testing lab coimbatore","PCB Design, Fabrication & SMT Assembly","Component Sourcing & PCBA Assembly","Local / Testing","Coimbatore","/services/pcb-assembly-tamilnadu","P1"
269,"small batch pcba service india","PCB Design, Fabrication & SMT Assembly","Component Sourcing & PCBA Assembly","Commercial / Startups","India","/services/pcb-assembly-tamilnadu","P1"
270,"prototype smt assembly no minimum order","PCB Design, Fabrication & SMT Assembly","Component Sourcing & PCBA Assembly","Commercial","India","/services/pcb-assembly-tamilnadu","P1"
271,"rapid electronic prototype lab tamil nadu","PCB Design, Fabrication & SMT Assembly","Component Sourcing & PCBA Assembly","Commercial","Tamil Nadu","/services/pcb-assembly-tamilnadu","P1"
272,"custom power supply board assembly","PCB Design, Fabrication & SMT Assembly","Component Sourcing & PCBA Assembly","Commercial","India","/services/pcb-assembly-tamilnadu","P2"
273,"industrial controller pcb manufacturing","PCB Design, Fabrication & SMT Assembly","Component Sourcing & PCBA Assembly","B2B Industrial","Tamil Nadu","/services/pcb-assembly-tamilnadu","P1"
274,"embedded board testing services coimbatore","PCB Design, Fabrication & SMT Assembly","Component Sourcing & PCBA Assembly","Technical","Coimbatore","/services/pcb-assembly-tamilnadu","P2"
275,"pcb assembly factory in coimbatore","PCB Design, Fabrication & SMT Assembly","Component Sourcing & PCBA Assembly","Local Authority","Coimbatore","/services/pcb-assembly-tamilnadu","P1"
276,"stem lab setup for schools in tamil nadu","STEM Education, ATL Labs & Academic R&D","School STEM & Atal Tinkering Labs","High Ticket Commercial","Tamil Nadu","/solutions/stem-lab-setup-schools","P0"
277,"atl lab setup vendors coimbatore","STEM Education, ATL Labs & Academic R&D","School STEM & Atal Tinkering Labs","Transactional","Tamil Nadu / South India","/solutions/stem-lab-setup-schools","P0"
278,"atal tinkering lab equipment supplier tamil nadu","STEM Education, ATL Labs & Academic R&D","School STEM & Atal Tinkering Labs","High Ticket Commercial","Tamil Nadu","/solutions/stem-lab-setup-schools","P0"
279,"nep 2020 robotics curriculum tamil nadu","STEM Education, ATL Labs & Academic R&D","School STEM & Atal Tinkering Labs","Informational / Institutional","Tamil Nadu","/solutions/stem-lab-setup-schools","P1"
280,"cbse robotics lab setup coimbatore","STEM Education, ATL Labs & Academic R&D","School STEM & Atal Tinkering Labs","Institutional Commercial","Coimbatore","/solutions/stem-lab-setup-schools","P1"
281,"icse school stem lab setup provider","STEM Education, ATL Labs & Academic R&D","School STEM & Atal Tinkering Labs","Institutional Commercial","Tamil Nadu","/solutions/stem-lab-setup-schools","P1"
282,"robotics tinkering lab setup cost in india","STEM Education, ATL Labs & Academic R&D","School STEM & Atal Tinkering Labs","Commercial / Pricing","Pan-India","/solutions/stem-lab-setup-schools","P1"
283,"robotics workshop for schools coimbatore","STEM Education, ATL Labs & Academic R&D","School STEM & Atal Tinkering Labs","Commercial / Academic","Tamil Nadu","/solutions/stem-lab-setup-schools","P1"
284,"stem education company in tamil nadu","STEM Education, ATL Labs & Academic R&D","School STEM & Atal Tinkering Labs","Brand Authority","Tamil Nadu","/solutions/stem-lab-setup-schools","P1"
285,"school robotics lab vendor chennai coimbatore","STEM Education, ATL Labs & Academic R&D","School STEM & Atal Tinkering Labs","Commercial","Tamil Nadu","/solutions/stem-lab-setup-schools","P1"
286,"diy robotics kits for school students","STEM Education, ATL Labs & Academic R&D","School STEM & Atal Tinkering Labs","Educational / Product","India","/solutions/stem-lab-setup-schools","P1"
287,"stem kit manufacturer tamil nadu","STEM Education, ATL Labs & Academic R&D","School STEM & Atal Tinkering Labs","B2B Commercial","Tamil Nadu","/solutions/stem-lab-setup-schools","P1"
288,"buy educational robot kits india","STEM Education, ATL Labs & Academic R&D","School STEM & Atal Tinkering Labs","Transactional","India","/solutions/stem-lab-setup-schools","P1"
289,"robotics syllabus for class 6 to 10","STEM Education, ATL Labs & Academic R&D","School STEM & Atal Tinkering Labs","Curriculum / Academic","India","/solutions/stem-lab-setup-schools","P1"
290,"school ai and robotics lab package","STEM Education, ATL Labs & Academic R&D","School STEM & Atal Tinkering Labs","Package / High Ticket","India","/solutions/stem-lab-setup-schools","P0"
291,"tinkering lab package p1 p2 p3 equipment","STEM Education, ATL Labs & Academic R&D","School STEM & Atal Tinkering Labs","ATL Grant Specific","India","/solutions/stem-lab-setup-schools","P0"
292,"atal tinkering lab package cost breakdown","STEM Education, ATL Labs & Academic R&D","School STEM & Atal Tinkering Labs","Pricing / Cost","India","/solutions/stem-lab-setup-schools","P1"
293,"school stem lab furniture and workbenches","STEM Education, ATL Labs & Academic R&D","School STEM & Atal Tinkering Labs","Infrastructure","Tamil Nadu","/solutions/stem-lab-setup-schools","P2"
294,"esd safe workbench for school lab","STEM Education, ATL Labs & Academic R&D","School STEM & Atal Tinkering Labs","Hardware","Tamil Nadu","/solutions/stem-lab-setup-schools","P2"
295,"3d printer for school stem lab india","STEM Education, ATL Labs & Academic R&D","School STEM & Atal Tinkering Labs","Hardware Package","India","/solutions/stem-lab-setup-schools","P1"
296,"robotics trainer kit with curriculum","STEM Education, ATL Labs & Academic R&D","School STEM & Atal Tinkering Labs","Commercial","India","/solutions/stem-lab-setup-schools","P1"
297,"hands on robotics trainer for teachers","STEM Education, ATL Labs & Academic R&D","School STEM & Atal Tinkering Labs","Faculty Training","Tamil Nadu","/solutions/stem-lab-setup-schools","P1"
298,"faculty development program robotics school","STEM Education, ATL Labs & Academic R&D","School STEM & Atal Tinkering Labs","Training","Tamil Nadu","/solutions/stem-lab-setup-schools","P1"
299,"school science tinkering lab equipment","STEM Education, ATL Labs & Academic R&D","School STEM & Atal Tinkering Labs","Commercial","Tamil Nadu","/solutions/stem-lab-setup-schools","P1"
300,"smart class stem lab setup tamil nadu","STEM Education, ATL Labs & Academic R&D","School STEM & Atal Tinkering Labs","Institutional","Tamil Nadu","/solutions/stem-lab-setup-schools","P1"
301,"experiential learning stem lab nep 2020","STEM Education, ATL Labs & Academic R&D","School STEM & Atal Tinkering Labs","Policy / Institutional","India","/solutions/stem-lab-setup-schools","P1"
302,"block coding robotics kit for kids","STEM Education, ATL Labs & Academic R&D","School STEM & Atal Tinkering Labs","Product","India","/solutions/stem-lab-setup-schools","P2"
303,"scratch coding arduino robot kit india","STEM Education, ATL Labs & Academic R&D","School STEM & Atal Tinkering Labs","Product","India","/solutions/stem-lab-setup-schools","P2"
304,"stem lab annual maintenance contract school","STEM Education, ATL Labs & Academic R&D","School STEM & Atal Tinkering Labs","AMC Commercial","Tamil Nadu","/solutions/stem-lab-setup-schools","P1"
305,"robotics competition training for school students","STEM Education, ATL Labs & Academic R&D","School STEM & Atal Tinkering Labs","Training","Tamil Nadu","/solutions/stem-lab-setup-schools","P1"
306,"wro competition training institute tamil nadu","STEM Education, ATL Labs & Academic R&D","School STEM & Atal Tinkering Labs","Competition Training","Tamil Nadu","/solutions/stem-lab-setup-schools","P1"
307,"ftc first tech challenge robot kits india","STEM Education, ATL Labs & Academic R&D","School STEM & Atal Tinkering Labs","Competition Kit","India","/solutions/stem-lab-setup-schools","P2"
308,"school robotics club setup service","STEM Education, ATL Labs & Academic R&D","School STEM & Atal Tinkering Labs","Service","Tamil Nadu","/solutions/stem-lab-setup-schools","P1"
309,"doorstep robotics classes coimbatore","STEM Education, ATL Labs & Academic R&D","School STEM & Atal Tinkering Labs","Local Academy","Coimbatore","/solutions/stem-lab-setup-schools","P1"
310,"summer robotics camp coimbatore 2026","STEM Education, ATL Labs & Academic R&D","School STEM & Atal Tinkering Labs","Seasonal Event","Coimbatore","/solutions/stem-lab-setup-schools","P1"
311,"weekend robotics workshop coimbatore","STEM Education, ATL Labs & Academic R&D","School STEM & Atal Tinkering Labs","Local Event","Coimbatore","/solutions/stem-lab-setup-schools","P1"
312,"stem lab grants implementation vendor","STEM Education, ATL Labs & Academic R&D","School STEM & Atal Tinkering Labs","Institutional Grant","India","/solutions/stem-lab-setup-schools","P0"
313,"private school innovation lab setup india","STEM Education, ATL Labs & Academic R&D","School STEM & Atal Tinkering Labs","High Ticket B2B","India","/solutions/stem-lab-setup-schools","P1"
314,"k12 robotics curriculum provider tamil nadu","STEM Education, ATL Labs & Academic R&D","School STEM & Atal Tinkering Labs","Curriculum","Tamil Nadu","/solutions/stem-lab-setup-schools","P1"
315,"interactive robotics learning kits school","STEM Education, ATL Labs & Academic R&D","School STEM & Atal Tinkering Labs","Product","India","/solutions/stem-lab-setup-schools","P2"
316,"robotics r&d center setup for engineering colleges","STEM Education, ATL Labs & Academic R&D","College Centers of Excellence (CoE) & Institutional MoUs","B2B Commercial","Pan-India","/solutions/colleges-robotics-coe","P0"
317,"robotics mou for engineering colleges tamil nadu","STEM Education, ATL Labs & Academic R&D","College Centers of Excellence (CoE) & Institutional MoUs","Institutional MoU","Tamil Nadu","/solutions/colleges-robotics-coe","P0"
318,"center of excellence robotics and automation setup","STEM Education, ATL Labs & Academic R&D","College Centers of Excellence (CoE) & Institutional MoUs","Institutional High Ticket","India","/solutions/colleges-robotics-coe","P0"
319,"industrial robotics lab setup in engineering colleges","STEM Education, ATL Labs & Academic R&D","College Centers of Excellence (CoE) & Institutional MoUs","Commercial","India","/solutions/colleges-robotics-coe","P1"
320,"naac accredited robotics lab setup guidelines","STEM Education, ATL Labs & Academic R&D","College Centers of Excellence (CoE) & Institutional MoUs","Compliance / Academic","India","/solutions/colleges-robotics-coe","P1"
321,"autonomous mobile robot research lab setup","STEM Education, ATL Labs & Academic R&D","College Centers of Excellence (CoE) & Institutional MoUs","Research / College","India","/solutions/colleges-robotics-coe","P1"
322,"ros robot operating system lab setup college","STEM Education, ATL Labs & Academic R&D","College Centers of Excellence (CoE) & Institutional MoUs","Advanced College Lab","India","/solutions/colleges-robotics-coe","P1"
323,"college robotics club mentoring coimbatore","STEM Education, ATL Labs & Academic R&D","College Centers of Excellence (CoE) & Institutional MoUs","Club Mentoring","Coimbatore","/solutions/colleges-robotics-coe","P1"
324,"hackathon technical training provider tamil nadu","STEM Education, ATL Labs & Academic R&D","College Centers of Excellence (CoE) & Institutional MoUs","Training","Tamil Nadu","/solutions/colleges-robotics-coe","P1"
325,"embedded systems lab setup engineering college","STEM Education, ATL Labs & Academic R&D","College Centers of Excellence (CoE) & Institutional MoUs","Institutional","Tamil Nadu","/solutions/colleges-robotics-coe","P1"
326,"iot research lab setup for polytechnic colleges","STEM Education, ATL Labs & Academic R&D","College Centers of Excellence (CoE) & Institutional MoUs","Institutional","Tamil Nadu","/solutions/colleges-robotics-coe","P1"
327,"drone technology lab setup for universities","STEM Education, ATL Labs & Academic R&D","College Centers of Excellence (CoE) & Institutional MoUs","Institutional","India","/solutions/colleges-robotics-coe","P1"
328,"faculty development program in robotics tamil nadu","STEM Education, ATL Labs & Academic R&D","College Centers of Excellence (CoE) & Institutional MoUs","Faculty FDP","Tamil Nadu","/solutions/colleges-robotics-coe","P1"
329,"student final year robotics project center coimbatore","STEM Education, ATL Labs & Academic R&D","College Centers of Excellence (CoE) & Institutional MoUs","Projects","Coimbatore","/solutions/colleges-robotics-coe","P1"
330,"ieee robotics project guidance coimbatore","STEM Education, ATL Labs & Academic R&D","College Centers of Excellence (CoE) & Institutional MoUs","Academic","Coimbatore","/solutions/colleges-robotics-coe","P1"
331,"college competition team sponsorship mentoring","STEM Education, ATL Labs & Academic R&D","College Centers of Excellence (CoE) & Institutional MoUs","Mentoring","Tamil Nadu","/solutions/colleges-robotics-coe","P2"
332,"turnkey robotics lab infrastructure provider","STEM Education, ATL Labs & Academic R&D","College Centers of Excellence (CoE) & Institutional MoUs","Turnkey B2B","India","/solutions/colleges-robotics-coe","P1"
333,"advanced automation center for technical institutions","STEM Education, ATL Labs & Academic R&D","College Centers of Excellence (CoE) & Institutional MoUs","High Ticket B2B","India","/solutions/colleges-robotics-coe","P1"
334,"university robotics incubation lab setup","STEM Education, ATL Labs & Academic R&D","College Centers of Excellence (CoE) & Institutional MoUs","Incubation","India","/solutions/colleges-robotics-coe","P1"
335,"industry sponsored robotics lab setup india","STEM Education, ATL Labs & Academic R&D","College Centers of Excellence (CoE) & Institutional MoUs","CSR / Sponsored","India","/solutions/colleges-robotics-coe","P1"
336,"engineering college project hardware sourcing coimbatore","STEM Education, ATL Labs & Academic R&D","College Centers of Excellence (CoE) & Institutional MoUs","Hardware","Coimbatore","/solutions/colleges-robotics-coe","P1"
337,"embedded firmware training for engineering students","STEM Education, ATL Labs & Academic R&D","College Centers of Excellence (CoE) & Institutional MoUs","Courses","Tamil Nadu","/solutions/colleges-robotics-coe","P1"
338,"ros2 hands on workshop for engineering colleges","STEM Education, ATL Labs & Academic R&D","College Centers of Excellence (CoE) & Institutional MoUs","Workshops","Tamil Nadu","/solutions/colleges-robotics-coe","P1"
339,"pcb design workshop for ece students coimbatore","STEM Education, ATL Labs & Academic R&D","College Centers of Excellence (CoE) & Institutional MoUs","Workshops","Coimbatore","/solutions/colleges-robotics-coe","P1"
340,"3d printing certification course for mechanical students","STEM Education, ATL Labs & Academic R&D","College Centers of Excellence (CoE) & Institutional MoUs","Certification","Tamil Nadu","/solutions/colleges-robotics-coe","P1"
341,"industrial automation training with placement coimbatore","STEM Education, ATL Labs & Academic R&D","College Centers of Excellence (CoE) & Institutional MoUs","Placement / Training","Coimbatore","/solutions/colleges-robotics-coe","P1"
342,"college mou for drone and robotics training","STEM Education, ATL Labs & Academic R&D","College Centers of Excellence (CoE) & Institutional MoUs","MoU","Tamil Nadu","/solutions/colleges-robotics-coe","P0"
343,"institutional tie up robotics lab tamil nadu","STEM Education, ATL Labs & Academic R&D","College Centers of Excellence (CoE) & Institutional MoUs","Tie-up","Tamil Nadu","/solutions/colleges-robotics-coe","P1"
344,"autonomous vehicle research testbed college","STEM Education, ATL Labs & Academic R&D","College Centers of Excellence (CoE) & Institutional MoUs","Research","India","/solutions/colleges-robotics-coe","P2"
345,"mechatronics lab equipment supplier coimbatore","STEM Education, ATL Labs & Academic R&D","College Centers of Excellence (CoE) & Institutional MoUs","Supplier","Coimbatore","/solutions/colleges-robotics-coe","P1"
346,"labview plc scada training setup college","STEM Education, ATL Labs & Academic R&D","College Centers of Excellence (CoE) & Institutional MoUs","Training Kit","Tamil Nadu","/solutions/colleges-robotics-coe","P2"
347,"college engineering technical fest sponsorship","STEM Education, ATL Labs & Academic R&D","College Centers of Excellence (CoE) & Institutional MoUs","Sponsorship","Tamil Nadu","/solutions/colleges-robotics-coe","P2"
348,"robotics center of excellence consultant india","STEM Education, ATL Labs & Academic R&D","College Centers of Excellence (CoE) & Institutional MoUs","Consultancy","India","/solutions/colleges-robotics-coe","P1"
349,"industry 4.0 learning factory setup college","STEM Education, ATL Labs & Academic R&D","College Centers of Excellence (CoE) & Institutional MoUs","Learning Factory","India","/solutions/colleges-robotics-coe","P1"
350,"ai computer vision lab setup universities","STEM Education, ATL Labs & Academic R&D","College Centers of Excellence (CoE) & Institutional MoUs","AI Lab Setup","India","/solutions/colleges-robotics-coe","P1"
351,"industrial automation company coimbatore","Industrial Automation, AI & IoT","Factory Automation, PLC & SCADA","Commercial / Agency","Coimbatore / TN","/services/industrial-automation","P0"
352,"plc scada automation services tamil nadu","Industrial Automation, AI & IoT","Factory Automation, PLC & SCADA","Transactional","Tamil Nadu","/services/industrial-automation","P0"
353,"industrial automation consultants near me","Industrial Automation, AI & IoT","Factory Automation, PLC & SCADA","Local Commercial","Coimbatore","/services/industrial-automation","P1"
354,"siemens plc programming services coimbatore","Industrial Automation, AI & IoT","Factory Automation, PLC & SCADA","Service Specific","Coimbatore","/services/industrial-automation","P1"
355,"delta plc panel wiring service tamil nadu","Industrial Automation, AI & IoT","Factory Automation, PLC & SCADA","Service Specific","Tamil Nadu","/services/industrial-automation","P1"
356,"mitsubishi plc automation programmer coimbatore","Industrial Automation, AI & IoT","Factory Automation, PLC & SCADA","Service Specific","Coimbatore","/services/industrial-automation","P1"
357,"custom control panel wiring coimbatore","Industrial Automation, AI & IoT","Factory Automation, PLC & SCADA","Commercial","Coimbatore","/services/industrial-automation","P1"
358,"industrial machine retrofitting services coimbatore","Industrial Automation, AI & IoT","Factory Automation, PLC & SCADA","Retrofit B2B","Coimbatore","/services/industrial-automation","P1"
359,"plc based automation system design","Industrial Automation, AI & IoT","Factory Automation, PLC & SCADA","System Design","Tamil Nadu","/services/industrial-automation","P1"
360,"scada telemetry dashboard development","Industrial Automation, AI & IoT","Factory Automation, PLC & SCADA","Dashboard / IoT","India","/services/industrial-automation","P1"
361,"industrial hmi screen programming service","Industrial Automation, AI & IoT","Factory Automation, PLC & SCADA","HMI Programming","Tamil Nadu","/services/industrial-automation","P2"
362,"packaging machine automation coimbatore","Industrial Automation, AI & IoT","Factory Automation, PLC & SCADA","Industry Specific","Coimbatore","/services/industrial-automation","P1"
363,"textile machine automation retrofitting tamil nadu","Industrial Automation, AI & IoT","Factory Automation, PLC & SCADA","Textile Corridor","Tamil Nadu","/services/industrial-automation","P1"
364,"pump manufacturing automation solutions","Industrial Automation, AI & IoT","Factory Automation, PLC & SCADA","Pump Industry","Coimbatore","/services/industrial-automation","P1"
365,"servo drive parameter tuning service","Industrial Automation, AI & IoT","Factory Automation, PLC & SCADA","Technical Tuning","Tamil Nadu","/services/industrial-automation","P2"
366,"vfd panel installation and testing coimbatore","Industrial Automation, AI & IoT","Factory Automation, PLC & SCADA","VFD Service","Coimbatore","/services/industrial-automation","P1"
367,"industrial relay control panel fabrication","Industrial Automation, AI & IoT","Factory Automation, PLC & SCADA","Hardware Panel","Coimbatore","/services/industrial-automation","P2"
368,"process automation engineering coimbatore","Industrial Automation, AI & IoT","Factory Automation, PLC & SCADA","Process Engineering","Coimbatore","/services/industrial-automation","P1"
369,"plc software debugging service tamil nadu","Industrial Automation, AI & IoT","Factory Automation, PLC & SCADA","Debugging Service","Tamil Nadu","/services/industrial-automation","P2"
370,"factory automation contractors coimbatore","Industrial Automation, AI & IoT","Factory Automation, PLC & SCADA","Contractor B2B","Coimbatore","/services/industrial-automation","P1"
371,"special purpose machine automation spm","Industrial Automation, AI & IoT","Factory Automation, PLC & SCADA","SPM Engineering","Tamil Nadu","/services/industrial-automation","P1"
372,"pneumatic automation system design coimbatore","Industrial Automation, AI & IoT","Factory Automation, PLC & SCADA","Pneumatics","Coimbatore","/services/industrial-automation","P2"
373,"hydraulic machine plc conversion service","Industrial Automation, AI & IoT","Factory Automation, PLC & SCADA","Conversion B2B","Tamil Nadu","/services/industrial-automation","P2"
374,"industrial sensors installation and wiring","Industrial Automation, AI & IoT","Factory Automation, PLC & SCADA","Field Service","Coimbatore","/services/industrial-automation","P2"
375,"safety light curtain installation automation","Industrial Automation, AI & IoT","Factory Automation, PLC & SCADA","Safety Compliance","Tamil Nadu","/services/industrial-automation","P2"
376,"motor control center panel manufacturing","Industrial Automation, AI & IoT","Factory Automation, PLC & SCADA","MCC Panels","Coimbatore","/services/industrial-automation","P2"
377,"automation testing services coimbatore","Industrial Automation, AI & IoT","Factory Automation, PLC & SCADA","Testing Service","Coimbatore","/services/industrial-automation","P2"
378,"industrial plant electrification and automation","Industrial Automation, AI & IoT","Factory Automation, PLC & SCADA","Turnkey Plant","Tamil Nadu","/services/industrial-automation","P1"
379,"automatic assembly line machine builders","Industrial Automation, AI & IoT","Factory Automation, PLC & SCADA","Assembly Lines","Tamil Nadu","/services/industrial-automation","P1"
380,"factory energy monitoring scada system","Industrial Automation, AI & IoT","Factory Automation, PLC & SCADA","Energy Monitoring","India","/services/industrial-automation","P1"
381,"industrial automated testing jigs coimbatore","Industrial Automation, AI & IoT","Factory Automation, PLC & SCADA","Testing Jigs","Coimbatore","/services/industrial-automation","P1"
382,"linear actuator automation system design","Industrial Automation, AI & IoT","Factory Automation, PLC & SCADA","Motion Control","India","/services/industrial-automation","P2"
383,"industrial automation spare parts coimbatore","Industrial Automation, AI & IoT","Factory Automation, PLC & SCADA","Spares","Coimbatore","/services/industrial-automation","P2"
384,"low cost factory automation solutions","Industrial Automation, AI & IoT","Factory Automation, PLC & SCADA","SME Commercial","Tamil Nadu","/services/industrial-automation","P1"
385,"turnkey manufacturing automation coimbatore","Industrial Automation, AI & IoT","Factory Automation, PLC & SCADA","Turnkey B2B","Coimbatore","/services/industrial-automation","P1"
386,"pharmaceutical machine automation compliance","Industrial Automation, AI & IoT","Factory Automation, PLC & SCADA","Pharma","India","/services/industrial-automation","P2"
387,"food processing automated line setup","Industrial Automation, AI & IoT","Factory Automation, PLC & SCADA","Food Industry","Tamil Nadu","/services/industrial-automation","P2"
388,"industrial conveyor automation system","Industrial Automation, AI & IoT","Factory Automation, PLC & SCADA","Conveyors","Tamil Nadu","/services/industrial-automation","P1"
389,"automated inspection station manufacturing","Industrial Automation, AI & IoT","Factory Automation, PLC & SCADA","Inspection","India","/services/industrial-automation","P1"
390,"plc programmer on contract coimbatore","Industrial Automation, AI & IoT","Factory Automation, PLC & SCADA","Staffing / Contract","Coimbatore","/services/industrial-automation","P1"
391,"autonomous mobile robots manufacturers india","Industrial Automation, AI & IoT","AMR, Computer Vision, AI & IoT Telemetry","High-intent B2B","Pan-India","/services/industrial-automation","P0"
392,"amr robot suppliers tamil nadu","Industrial Automation, AI & IoT","AMR, Computer Vision, AI & IoT Telemetry","Regional B2B","Tamil Nadu","/services/industrial-automation","P0"
393,"industrial agv automated guided vehicle india","Industrial Automation, AI & IoT","AMR, Computer Vision, AI & IoT Telemetry","B2B Commercial","Pan-India","/services/industrial-automation","P1"
394,"warehouse automation amr robot coimbatore","Industrial Automation, AI & IoT","AMR, Computer Vision, AI & IoT Telemetry","Local B2B","Coimbatore","/services/industrial-automation","P1"
395,"line follower agv for manufacturing plant","Industrial Automation, AI & IoT","AMR, Computer Vision, AI & IoT Telemetry","Plant AGV","India","/services/industrial-automation","P1"
396,"computer vision defect inspection india","Industrial Automation, AI & IoT","AMR, Computer Vision, AI & IoT Telemetry","Commercial","Pan-India","/services/industrial-automation","P0"
397,"ai vision camera system for quality control","Industrial Automation, AI & IoT","AMR, Computer Vision, AI & IoT Telemetry","Commercial Quality","India","/services/industrial-automation","P0"
398,"industrial camera defect detection tamil nadu","Industrial Automation, AI & IoT","AMR, Computer Vision, AI & IoT Telemetry","Regional Commercial","Tamil Nadu","/services/industrial-automation","P1"
399,"opencv machine vision inspection system","Industrial Automation, AI & IoT","AMR, Computer Vision, AI & IoT Telemetry","Technical","India","/services/industrial-automation","P1"
400,"deep learning automated defect detection","Industrial Automation, AI & IoT","AMR, Computer Vision, AI & IoT Telemetry","AI Quality","India","/services/industrial-automation","P1"
401,"vision guided robotic arm system india","Industrial Automation, AI & IoT","AMR, Computer Vision, AI & IoT Telemetry","Advanced Robotics","India","/services/industrial-automation","P1"
402,"barcode qr code optical inspection camera","Industrial Automation, AI & IoT","AMR, Computer Vision, AI & IoT Telemetry","Optical Inspection","India","/services/industrial-automation","P2"
403,"industrial iot telemetry device manufacturers","Industrial Automation, AI & IoT","AMR, Computer Vision, AI & IoT Telemetry","Telemetry Hardware","India","/services/industrial-automation","P1"
404,"modbus rs485 to cloud iot gateway","Industrial Automation, AI & IoT","AMR, Computer Vision, AI & IoT Telemetry","IoT Gateway","India","/services/industrial-automation","P1"
405,"factory machine oee monitoring iot system","Industrial Automation, AI & IoT","AMR, Computer Vision, AI & IoT Telemetry","OEE Telemetry","India","/services/industrial-automation","P1"
406,"wireless industrial vibration sensor iot","Industrial Automation, AI & IoT","AMR, Computer Vision, AI & IoT Telemetry","Condition Monitoring","India","/services/industrial-automation","P2"
407,"remote machine monitoring system india","Industrial Automation, AI & IoT","AMR, Computer Vision, AI & IoT Telemetry","Remote IoT","India","/services/industrial-automation","P1"
408,"cloud scada dashboard for smes","Industrial Automation, AI & IoT","AMR, Computer Vision, AI & IoT Telemetry","Cloud SCADA","India","/services/industrial-automation","P1"
409,"lora wan industrial sensor network coimbatore","Industrial Automation, AI & IoT","AMR, Computer Vision, AI & IoT Telemetry","LoRaWAN","Coimbatore","/services/industrial-automation","P2"
410,"edge ai hardware integration coimbatore","Industrial Automation, AI & IoT","AMR, Computer Vision, AI & IoT Telemetry","Edge AI","Coimbatore","/services/industrial-automation","P1"
411,"raspberry pi industrial automation board","Industrial Automation, AI & IoT","AMR, Computer Vision, AI & IoT Telemetry","Embedded Automation","India","/services/industrial-automation","P2"
412,"esp32 industrial iot controller custom","Industrial Automation, AI & IoT","AMR, Computer Vision, AI & IoT Telemetry","Custom Hardware","India","/services/industrial-automation","P1"
413,"predictive maintenance iot sensors tamil nadu","Industrial Automation, AI & IoT","AMR, Computer Vision, AI & IoT Telemetry","Predictive IoT","Tamil Nadu","/services/industrial-automation","P1"
414,"industrial temperature logging telemetry system","Industrial Automation, AI & IoT","AMR, Computer Vision, AI & IoT Telemetry","Telemetry","India","/services/industrial-automation","P2"
415,"smart factory industry 4.0 solutions coimbatore","Industrial Automation, AI & IoT","AMR, Computer Vision, AI & IoT Telemetry","Industry 4.0","Coimbatore","/services/industrial-automation","P1"
416,"automated optical inspection aoi system","Industrial Automation, AI & IoT","AMR, Computer Vision, AI & IoT Telemetry","AOI Inspection","India","/services/industrial-automation","P1"
417,"material handling mobile robot india","Industrial Automation, AI & IoT","AMR, Computer Vision, AI & IoT Telemetry","Material Handling","India","/services/industrial-automation","P1"
418,"pallet moving autonomous mobile robot","Industrial Automation, AI & IoT","AMR, Computer Vision, AI & IoT Telemetry","Pallet AMR","India","/services/industrial-automation","P1"
419,"ai based sorting machine manufacturers","Industrial Automation, AI & IoT","AMR, Computer Vision, AI & IoT Telemetry","Sorting Machine","India","/services/industrial-automation","P1"
420,"industrial camera lens and lighting setup","Industrial Automation, AI & IoT","AMR, Computer Vision, AI & IoT Telemetry","Vision Hardware","India","/services/industrial-automation","P2"
421,"industrial telemetry data logger manufacturer","Industrial Automation, AI & IoT","AMR, Computer Vision, AI & IoT Telemetry","Hardware","India","/services/industrial-automation","P2"
422,"iot gateway mqtt aws azure integration","Industrial Automation, AI & IoT","AMR, Computer Vision, AI & IoT Telemetry","Cloud Integration","India","/services/industrial-automation","P1"
423,"automated packaging vision inspection system","Industrial Automation, AI & IoT","AMR, Computer Vision, AI & IoT Telemetry","Packaging Inspection","India","/services/industrial-automation","P1"
424,"machine vision integrators in tamil nadu","Industrial Automation, AI & IoT","AMR, Computer Vision, AI & IoT Telemetry","Integrators B2B","Tamil Nadu","/services/industrial-automation","P1"
425,"digital twin factory automation solutions","Industrial Automation, AI & IoT","AMR, Computer Vision, AI & IoT Telemetry","Digital Twin","India","/services/industrial-automation","P2"
426,"robotics company in kurumbapalayam coimbatore","Local & Regional SEO Keywords","Coimbatore Hyper-Local Focus","Hyper-local Authority","Kurumbapalayam, Coimbatore","/robotics-company-in-coimbatore","P0"
427,"robotics engineering lab near saravanampatti","Local & Regional SEO Keywords","Coimbatore Hyper-Local Focus","Hyper-local","Saravanampatti, Coimbatore","/robotics-company-in-coimbatore","P0"
428,"electronics prototyping lab coimbatore","Local & Regional SEO Keywords","Coimbatore Hyper-Local Focus","Local Commercial","Coimbatore","/services/pcb-assembly-tamilnadu","P1"
429,"best robotics center peelamedu coimbatore","Local & Regional SEO Keywords","Coimbatore Hyper-Local Focus","Hyper-local","Peelamedu, Coimbatore","/robotics-company-in-coimbatore","P1"
430,"robot parts store near gct coimbatore","Local & Regional SEO Keywords","Coimbatore Hyper-Local Focus","Hyper-local / College","GCT Coimbatore","/products/competition-robots","P1"
431,"laser cutting shops in ganapathy coimbatore","Local & Regional SEO Keywords","Coimbatore Hyper-Local Focus","Hyper-local","Ganapathy, Coimbatore","/services/laser-cutting-coimbatore","P1"
432,"sheet metal laser cutting kurumbapalayam road","Local & Regional SEO Keywords","Coimbatore Hyper-Local Focus","Hyper-local","Kurumbapalayam, Coimbatore","/services/laser-cutting-coimbatore","P0"
433,"engineering project center in thudiyalur","Local & Regional SEO Keywords","Coimbatore Hyper-Local Focus","Hyper-local / Students","Thudiyalur, Coimbatore","/solutions/colleges-robotics-coe","P1"
434,"3d printing shop near psg tech coimbatore","Local & Regional SEO Keywords","Coimbatore Hyper-Local Focus","Hyper-local / College","PSG Tech, Coimbatore","/services/3d-printing-coimbatore","P1"
435,"robotics classes in rs puram coimbatore","Local & Regional SEO Keywords","Coimbatore Hyper-Local Focus","Hyper-local / Academy","RS Puram, Coimbatore","/solutions/stem-lab-setup-schools","P1"
436,"stem lab provider near sitra coimbatore","Local & Regional SEO Keywords","Coimbatore Hyper-Local Focus","Hyper-local","Sitra, Coimbatore","/solutions/stem-lab-setup-schools","P1"
437,"industrial automation consultants in sidco kurichi","Local & Regional SEO Keywords","Coimbatore Hyper-Local Focus","Industrial Corridor","SIDCO Kurichi, Coimbatore","/services/industrial-automation","P1"
438,"pcb manufacturer in singanallur coimbatore","Local & Regional SEO Keywords","Coimbatore Hyper-Local Focus","Hyper-local","Singanallur, Coimbatore","/services/pcb-assembly-tamilnadu","P1"
439,"laser cutting work in kalapatti coimbatore","Local & Regional SEO Keywords","Coimbatore Hyper-Local Focus","Hyper-local","Kalapatti, Coimbatore","/services/laser-cutting-coimbatore","P1"
440,"robotics kits store in gandhipuram coimbatore","Local & Regional SEO Keywords","Coimbatore Hyper-Local Focus","Hyper-local","Gandhipuram, Coimbatore","/products/competition-robots","P1"
441,"combat bot makers in coimbatore","Local & Regional SEO Keywords","Coimbatore Hyper-Local Focus","Local Authority","Coimbatore","/products/competition-robots","P0"
442,"robo race equipment dealer in coimbatore","Local & Regional SEO Keywords","Coimbatore Hyper-Local Focus","Local Dealer","Coimbatore","/products/competition-robots","P1"
443,"mechanical prototyping labs in coimbatore","Local & Regional SEO Keywords","Coimbatore Hyper-Local Focus","Local Lab","Coimbatore","/services/3d-printing-coimbatore","P1"
444,"hardware startup testing lab in coimbatore","Local & Regional SEO Keywords","Coimbatore Hyper-Local Focus","Startup Ecosystem","Coimbatore","/services/pcb-assembly-tamilnadu","P1"
445,"custom automation shop in civil aerodrome post","Local & Regional SEO Keywords","Coimbatore Hyper-Local Focus","Hyper-local","Civil Aerodrome, Coimbatore","/services/industrial-automation","P2"
446,"robotics company in tamil nadu","Local & Regional SEO Keywords","Tamil Nadu Tier-1 & Tier-2 Hubs","Statewide Authority","Tamil Nadu","/about-tamizh-tech","P0"
447,"best robotics club in tamil nadu","Local & Regional SEO Keywords","Tamil Nadu Tier-1 & Tier-2 Hubs","Club Authority","Tamil Nadu","/robotics-club","P0"
448,"robotics kits supplier in chennai","Local & Regional SEO Keywords","Tamil Nadu Tier-1 & Tier-2 Hubs","City Supplier","Chennai","/products/competition-robots","P1"
449,"stem lab setup vendors in madurai","Local & Regional SEO Keywords","Tamil Nadu Tier-1 & Tier-2 Hubs","Regional High Ticket","Madurai","/solutions/stem-lab-setup-schools","P1"
450,"industrial automation company in tiruppur","Local & Regional SEO Keywords","Tamil Nadu Tier-1 & Tier-2 Hubs","Textile Corridor","Tiruppur","/services/industrial-automation","P0"
451,"textile automation services in erode","Local & Regional SEO Keywords","Tamil Nadu Tier-1 & Tier-2 Hubs","Textile Corridor","Erode","/services/industrial-automation","P1"
452,"laser cutting services in salem tamil nadu","Local & Regional SEO Keywords","Tamil Nadu Tier-1 & Tier-2 Hubs","Steel / Industrial","Salem","/services/laser-cutting-coimbatore","P1"
453,"school stem lab suppliers in trichy","Local & Regional SEO Keywords","Tamil Nadu Tier-1 & Tier-2 Hubs","Regional High Ticket","Trichy","/solutions/stem-lab-setup-schools","P1"
454,"robotics training center in tirunelveli","Local & Regional SEO Keywords","Tamil Nadu Tier-1 & Tier-2 Hubs","South TN Training","Tirunelveli","/solutions/stem-lab-setup-schools","P2"
455,"drone prototyping services in vellore","Local & Regional SEO Keywords","Tamil Nadu Tier-1 & Tier-2 Hubs","University Corridor","Vellore","/services/3d-printing-coimbatore","P2"
456,"engineering college robotics mou chennai","Local & Regional SEO Keywords","Tamil Nadu Tier-1 & Tier-2 Hubs","Institutional MoU","Chennai","/solutions/colleges-robotics-coe","P1"
457,"custom pcb fabrication in hosur","Local & Regional SEO Keywords","Tamil Nadu Tier-1 & Tier-2 Hubs","Industrial Hub","Hosur","/services/pcb-assembly-tamilnadu","P1"
458,"industrial automation vendors in sriperumbudur","Local & Regional SEO Keywords","Tamil Nadu Tier-1 & Tier-2 Hubs","Auto Corridor","Sriperumbudur","/services/industrial-automation","P1"
459,"combat bot tournament parts in chennai","Local & Regional SEO Keywords","Tamil Nadu Tier-1 & Tier-2 Hubs","Commercial","Chennai","/products/competition-robots","P1"
460,"competition robotics team mentor in tamil nadu","Local & Regional SEO Keywords","Tamil Nadu Tier-1 & Tier-2 Hubs","Authority / Mentorship","Tamil Nadu","/robotics-club","P1"
461,"robotics lab setup vendors in thanjavur","Local & Regional SEO Keywords","Tamil Nadu Tier-1 & Tier-2 Hubs","Regional High Ticket","Thanjavur","/solutions/stem-lab-setup-schools","P2"
462,"3d printing services in dindigul","Local & Regional SEO Keywords","Tamil Nadu Tier-1 & Tier-2 Hubs","Commercial","Dindigul","/services/3d-printing-coimbatore","P2"
463,"rapid prototyping shop in kanchipuram","Local & Regional SEO Keywords","Tamil Nadu Tier-1 & Tier-2 Hubs","Commercial","Kanchipuram","/services/3d-printing-coimbatore","P2"
464,"school tinkering lab setup in tuticorin","Local & Regional SEO Keywords","Tamil Nadu Tier-1 & Tier-2 Hubs","Regional High Ticket","Tuticorin","/solutions/stem-lab-setup-schools","P2"
465,"industrial robotics company in ranipet","Local & Regional SEO Keywords","Tamil Nadu Tier-1 & Tier-2 Hubs","Industrial Hub","Ranipet","/services/industrial-automation","P2"
466,"who makes custom combat robots in india","AEO & GEO Natural-Language Questions","Direct AI Citations & Natural Language","AEO Informational","Pan-India","/products/competition-robots","P0"
467,"where can i buy a competition line follower bot in tamil nadu","AEO & GEO Natural-Language Questions","Direct AI Citations & Natural Language","AEO Transactional","Tamil Nadu","/products/line-follower","P0"
468,"how much does ss 304 laser cutting cost in coimbatore","AEO & GEO Natural-Language Questions","Direct AI Citations & Natural Language","AEO Pricing","Coimbatore","/services/laser-cutting-coimbatore","P0"
469,"which company sets up atal tinkering labs in tamil nadu schools","AEO & GEO Natural-Language Questions","Direct AI Citations & Natural Language","AEO Vendor Finder","Tamil Nadu","/solutions/stem-lab-setup-schools","P0"
470,"cost of setting up a stem robotics lab in a school","AEO & GEO Natural-Language Questions","Direct AI Citations & Natural Language","AEO Pricing / High Ticket","Pan-India","/solutions/stem-lab-setup-schools","P0"
471,"best place to buy robo soccer platform in india","AEO & GEO Natural-Language Questions","Direct AI Citations & Natural Language","AEO Commercial","Pan-India","/products/competition-robots","P0"
472,"how to order custom 3d printed parts in coimbatore","AEO & GEO Natural-Language Questions","Direct AI Citations & Natural Language","AEO How-To","Coimbatore","/services/3d-printing-coimbatore","P0"
473,"where to get multilayer pcb designed and assembled in tamil nadu","AEO & GEO Natural-Language Questions","Direct AI Citations & Natural Language","AEO Commercial","Tamil Nadu","/services/pcb-assembly-tamilnadu","P0"
474,"what are the nep 2020 requirements for school robotics labs","AEO & GEO Natural-Language Questions","Direct AI Citations & Natural Language","AEO Policy / Informational","Pan-India","/solutions/stem-lab-setup-schools","P0"
475,"how to build a 15kg featherweight combat robot in india","AEO & GEO Natural-Language Questions","Direct AI Citations & Natural Language","AEO Engineering Guide","Pan-India","/products/competition-robots","P1"
476,"best flysky transmitter dealer in coimbatore","AEO & GEO Natural-Language Questions","Direct AI Citations & Natural Language","AEO Dealer Finder","Coimbatore","/products/radio-controllers","P0"
477,"what is the turnaround time for fiber laser cutting in coimbatore","AEO & GEO Natural-Language Questions","Direct AI Citations & Natural Language","AEO Turnaround","Coimbatore","/services/laser-cutting-coimbatore","P0"
478,"top industrial automation companies in coimbatore for plc programming","AEO & GEO Natural-Language Questions","Direct AI Citations & Natural Language","AEO Agency Finder","Coimbatore","/services/industrial-automation","P0"
479,"where to find custom metal chassis cutting for robo race","AEO & GEO Natural-Language Questions","Direct AI Citations & Natural Language","AEO Commercial","Coimbatore / TN","/services/laser-cutting-coimbatore","P1"
480,"how do colleges partner for robotics centers of excellence in tamil nadu","AEO & GEO Natural-Language Questions","Direct AI Citations & Natural Language","AEO Institutional MoU","Tamil Nadu","/solutions/colleges-robotics-coe","P0"
481,"who provides doorstep robotics training in coimbatore","AEO & GEO Natural-Language Questions","Direct AI Citations & Natural Language","AEO Local Training","Coimbatore","/solutions/stem-lab-setup-schools","P1"
482,"what tolerance can fiber laser cut on ss 316 stainless steel","AEO & GEO Natural-Language Questions","Direct AI Citations & Natural Language","AEO Technical Specs","Pan-India","/services/laser-cutting-coimbatore","P1"
483,"best alternative to jlcpcb for pcb manufacturing in india","AEO & GEO Natural-Language Questions","Direct AI Citations & Natural Language","AEO Comparison","Pan-India","/services/pcb-assembly-tamilnadu","P0"
484,"how to automate defect inspection using computer vision in factories","AEO & GEO Natural-Language Questions","Direct AI Citations & Natural Language","AEO Technical Guide","Pan-India","/services/industrial-automation","P0"
485,"where to get high torque dc motors for competition bots in india","AEO & GEO Natural-Language Questions","Direct AI Citations & Natural Language","AEO Hardware Finder","Pan-India","/products/competition-robots","P1"
486,"cost breakdown of a school tinkering lab equipment package","AEO & GEO Natural-Language Questions","Direct AI Citations & Natural Language","AEO Pricing","Pan-India","/solutions/stem-lab-setup-schools","P0"
487,"how to set up an amr automated mobile robot in a warehouse","AEO & GEO Natural-Language Questions","Direct AI Citations & Natural Language","AEO Technical Implementation","Pan-India","/services/industrial-automation","P1"
488,"where to learn ros2 and embedded firmware in coimbatore","AEO & GEO Natural-Language Questions","Direct AI Citations & Natural Language","AEO Education / Training","Coimbatore","/solutions/colleges-robotics-coe","P1"
489,"which service provides clean burr free laser cutting in tamil nadu","AEO & GEO Natural-Language Questions","Direct AI Citations & Natural Language","AEO Service Finder","Tamil Nadu","/services/laser-cutting-coimbatore","P0"
490,"where can i test my combat robot arena in coimbatore","AEO & GEO Natural-Language Questions","Direct AI Citations & Natural Language","AEO Arena Testing","Coimbatore","/robotics-club","P1"
491,"who manufactures omni wheels and drift chassis in india","AEO & GEO Natural-Language Questions","Direct AI Citations & Natural Language","AEO Hardware Manufacturer","Pan-India","/products/competition-robots","P0"
492,"how to sign a robotics mou for engineering colleges in chennai","AEO & GEO Natural-Language Questions","Direct AI Citations & Natural Language","AEO Institutional","Chennai / TN","/solutions/colleges-robotics-coe","P0"
493,"what materials can be 3d printed for functional mechanical parts","AEO & GEO Natural-Language Questions","Direct AI Citations & Natural Language","AEO Material Guide","Pan-India","/services/3d-printing-coimbatore","P1"
494,"how to connect plc scada systems to cloud iot dashboards","AEO & GEO Natural-Language Questions","Direct AI Citations & Natural Language","AEO IoT Integration","Pan-India","/services/industrial-automation","P0"
495,"where to buy tournament ready rc robo race bots in india","AEO & GEO Natural-Language Questions","Direct AI Citations & Natural Language","AEO Commercial","Pan-India","/products/competition-robots","P0"
496,"difference between ss 304 and ss 316 laser cutting finish","AEO & GEO Natural-Language Questions","Direct AI Citations & Natural Language","AEO Technical Comparison","Pan-India","/services/laser-cutting-coimbatore","P1"
497,"how to get instant quote for sheet metal laser cutting with dxf file","AEO & GEO Natural-Language Questions","Direct AI Citations & Natural Language","AEO Quote Process","Coimbatore / TN","/services/laser-cutting-coimbatore","P0"
498,"can schools get annual maintenance contract for stem tinkering labs","AEO & GEO Natural-Language Questions","Direct AI Citations & Natural Language","AEO Service Inquiries","Tamil Nadu","/solutions/stem-lab-setup-schools","P0"
499,"top rated robotics company in coimbatore for custom engineering","AEO & GEO Natural-Language Questions","Direct AI Citations & Natural Language","AEO Brand Authority","Coimbatore","/robotics-company-in-coimbatore","P0"
500,"where to buy authentic flysky fs i6x with ia10b receiver in india","AEO & GEO Natural-Language Questions","Direct AI Citations & Natural Language","AEO Transactional","Pan-India","/products/radio-controllers","P0"